employeeId,AD_Account,employee_name,plantPermissions
10037016,Simpson_Huang@compal.com,黃冠維,"P3,CD,CVC,CTY"
10038362,Melody_Wu@compal.com,吳采瑩,"P3,CD,CVC,CTY"
10038437,Sean_Chang@compal.com,張翊翔,"P3,CD,CVC,CTY"
10039674,Kellyk_Huang@compal.com,黃渝晴,"P3,CD,CVC,CTY"
10028005,Alvinyc_Chen@compal.com,陳永承,"P3,CD,CVC,CTY"
10034016,Ianhy_Chen@compal.com,陳宏義,"P3,CD,CVC,CTY"
8944083,,Jason_Ling,"P3,CD,CVC,CTY"
10032043,,RichardYC_Lee,"P3,CD,CVC,CTY"
T140698,,Betty_Chuang,"P3,CD,CVC,CTY"
T100595,,Raymond_Chen,"P3,CD,CVC,CTY"
T100610,,Telent_Tsai,"P3,CD,CVC,CTY"
9G40981,,LeonWL_Huang,"P3,CD,CVC,CTY"
T112092,,Caven_Chang,"P3,CD,CVC,CTY"
10019728,,Johndee_Chang,"P3,CD,CVC,CTY"
9F40386,,YC_Ting,"P3,CD,CVC,CTY"
8546592,,shelly_liu,"P3,CD,CVC,CTY"
