ERROR_CODE,ISSUE_TYPE,COUNT,ISSUE_ID_LIST,TOTAL,PERCENTAGE
 1N57,材料,2,SFCW60330002G;SFCW60319050B,4,50.0
 1N57,作業,1,SFCW51216011B,4,25.0
 1N57,製程,1,SFCW51120040B,4,25.0
 1N59,材料,2,SFCW51105001A;SFCW60318008D,4,50.0
 1N59,作業,1,SFCW51111014B,4,25.0
 1N59,製程,1,SFCW51128001B,4,25.0
 4JA1,製程,3,SFCW60518001D;SFCW60518003D;SFCW60416005D,5,60.0
 4JA1,材料,2,SFCW51025008D;SFCW50918001A,5,40.0
 BRF02,作業,2,SFCW50910001A;SFCW50917001C,3,66.7
 BRF02,材料,1,SFCW50911001F,3,33.3
 BRF05,製程,1,SFCW50911002F,1,100.0
 BRF06,材料,1,SFCW50825004B,1,100.0
1A01,材料,1,SFCW60409020B,1,100.0
1A04,其他,1,SFCW60125003D,2,50.0
1A04,材料,1,SFCW51118003D,2,50.0
1C02,製程,1,SFCW50922005D,1,100.0
1C26,材料,1,SFCW51023030B,1,100.0
1C37,其他,1,SFCW60318007D,1,100.0
1C43,材料,4,SFCW60312032B;SFCW60127002D;SFCW60311016B;SFCW51025001D,9,44.4
1C43,作業,3,SFCW60319046B;SFCW51029008B;SFCW51225003B,9,33.3
1C43,其他,2,SFCW51210001B;SFCW60305016B,9,22.2
1C46,材料,1,SFCW60120004D,1,100.0
1C56,作業,1,SFCW51106023B,1,100.0
1J23,材料,1,SFCW50920001D,1,100.0
1K11,作業,2,SFCW50921001D;SFCW50922003D,2,100.0
1K23,製程,1,SFCQ51028001E,1,100.0
1Q19,作業,17,SFCW50912018B;SFCW51023034B;SFCW50917004B;SFCW51016003B;SFCW51225002B;SFCW50922003B;SFCW50917007B;SFCW51017011B;SFCW51115002B;SFCW60212006B;SFCW51002011B;SFCW51204003B;SFCW60205002B;SFCW60121012B;SFCW50922002B;SFCW50917006B;SFCW51001006B,28,60.7
1Q19,其他,6,SFCW60319051B;SFCW60326004B;SFCW50912015B;SFCW50922004B;SFCW50922001B;SFCW50805005B,28,21.4
1Q19,製程,3,SFCW51120030B;SFCW51015014B;SFCW51202014B,28,10.7
1Q19,材料,2,SFCW51120029B;SFCW50917005B,28,7.1
1Q20,材料,1,SFCW60514010B,1,100.0
3A01,製程,14,SFCW60409023B;SFCW60410001D;SFCW51215002D;SFCW51025006D;SFCW60402001D;SFCW51223007D;SFCW60213001D;SFCW51020002D;SFCW50918008D;SFCW60423004D;SFCW60319004D;SFCW51225001D;SFCQ51228001D;SFCW51126001D,21,66.7
3A01,作業,5,SFCW60318006D;SFCQ50918006C;SFCQ50917004C;SFCQ50917006C;SFCQ50917005C,21,23.8
3A01,其他,1,SFCW60408001D,21,4.8
3A01,材料,1,SFCW51107001D,21,4.8
3A03,作業,3,SFCW50926007D;SFCQ60121001D;SFCW51202004D,9,33.3
3A03,製程,3,SFCW50927004D;SFCQ60204001D;SFCW60204001D,9,33.3
3A03,材料,2,SFCW60226003D;SFCQ60306001D,9,22.2
3A03,其他,1,SFCW51113001D,9,11.1
3A06,製程,1,SFCW60519001B,1,100.0
3A08,其他,1,SFCW60108004D,1,100.0
3A26,材料,1,SFCW51120017B,1,100.0
3A30,作業,1,SFCW51016005B,1,100.0
3B02,材料,2,SFCQ51014002E;SFCW60311004D,2,100.0
3B06,作業,2,SFCW60521001D;SFCW60106002D,5,40.0
3B06,製程,2,SFCW60211003D;SFCW51119001D,5,40.0
3B06,材料,1,SFCW51119002D,5,20.0
3B11,製程,2,SFCW50920002D;SFCW50920004D,2,100.0
3B14,設計,1,SFCW51213007B,1,100.0
3C02,製程,28,SFCW60120003D;SFCW51014001D;SFCW51125004D;SFCQ60509001D;SFCW60306002D;SFCW60228001D;SFCQ50923002D;SFCW51028001D;SFCW50926003D;SFCW51122001C;SFCQ60508001D;SFCW60223001D;SFCW50927003D;SFCW51226003D;SFCW60317001D;SFCQ51113002D;SFCQ51216001D;SFCW51121003D;SFCW60106001D;SFCW60407001D;SFCW51124001D;SFCQ60519001D;SFCW60204004D;SFCQ60403001D;SFCW60416003D;SFCW51128001C;SFCW51225002D;SFCW60108012F,39,71.8
3C02,其他,6,SFCW60320002D;SFCW51202002D;SFCW60227004D;SFCW51220001D;SFCW51209004D;SFCW51103001F,39,15.4
3C02,作業,4,SFCW60105002D;SFCQ60320001D;SFCW51107002D;SFCW50911004D,39,10.3
3C02,材料,1,SFCW51025002D,39,2.6
3C10,製程,2,SFCW60318002B;SFCW51204003D,3,66.7
3C10,設計,1,SFCW51210026B,3,33.3
3C20,製程,3,SFCW60115002D;SFCW60115003D;SFCW50927006D,4,75.0
3C20,其他,1,SFCW60422002D,4,25.0
3C29,材料,1,SFCQ60511001D,2,50.0
3C29,製程,1,SFCQ60115002D,2,50.0
3D02,材料,1,SFCW50925001D,1,100.0
3D04,材料,1,SFCW60317004D,1,100.0
3D13,材料,4,SFCW51209002D;SFCW51026001D;SFCW51016005D;SFCW51202001D,6,66.7
3D13,其他,1,SFCW60420005D,6,16.7
3D13,製程,1,SFCW51016007D,6,16.7
3E07,材料,1,SFCW51011001E,1,100.0
3E09,材料,1,SFCQ60116001D,2,50.0
3E09,製程,1,SFCW60508001D,2,50.0
3H01,製程,5,SFCW60507001E;SFCW60207001D;SFCW60202002D;SFCW60204002D;SFCW51204002D,7,71.4
3H01,材料,2,SFCW51024003D;SFCW60320003D,7,28.6
3J01,材料,1,SFCW60228002D,1,100.0
3K06,材料,1,SFCW60224001D,1,100.0
3K17,設計,1,SFCW60331012B,1,100.0
3K18,材料,1,SFCW51104001D,1,100.0
3K27,其他,1,SFCW60213003D,1,100.0
3P02,作業,3,SFCW50926006D;SFCW60121002D;SFCW50927002D,5,60.0
3P02,材料,1,SFCW60311005D,5,20.0
3P02,製程,1,SFCW60209002D,5,20.0
3R02,製程,4,SFCW51122001D;SFCW60306005D;SFCW60224002D;SFCW50911001D,6,66.7
3R02,作業,1,SFCW60121001D,6,16.7
3R02,其他,1,SFCW60309002D,6,16.7
3R05,材料,2,SFCW51027005D;SFCW60223006D,5,40.0
3R05,製程,2,SFCW50904005D;SFCW51201002D,5,40.0
3R05,設計,1,SFCW60331013B,5,20.0
3S08,製程,2,SFCW51023003D;SFCW51024001D,2,100.0
3S16,作業,1,SFCW51118001D,2,50.0
3S16,製程,1,SFCW51104002D,2,50.0
3U01,製程,5,SFCW50928003D;SFCQ60513001D;SFCW60306001D;SFCW60511003D;SFCW50924002D,7,71.4
3U01,作業,1,SFCW60321001D,7,14.3
3U01,其他,1,SFCW51009003D,7,14.3
3U04,製程,1,SFCW51119003D,1,100.0
3U10,製程,1,SFCW60312001D,1,100.0
3W03,製程,7,SFCW51117005D;SFCW60422001D;SFCW51222001D;SFCW60107004D;SFCW51222002D;SFCW60227001D;SFCW60212001D,12,58.3
3W03,作業,3,SFCW51210001D;SFCW60311001D;SFCW60424001D,12,25.0
3W03,其他,1,SFCW60514001D,12,8.3
3W03,材料,1,SFCW60122003D,12,8.3
3W06,材料,1,SFCW51222003D,1,100.0
3W08,製程,1,SFCW60320010D,1,100.0
3W14,材料,2,SFCW51024006D;SFCW51025005D,3,66.7
3W14,其他,1,SFCW51025004D,3,33.3
3W24,製程,1,SFCW60209001D,1,100.0
3W41,其他,1,SFCW60126001D,2,50.0
3W41,製程,1,SFCW60119004D,2,50.0
3W42,材料,1,SFCW50928002D,1,100.0
3W43,製程,3,SFCW60415005D;SFCW60428001D;SFCW60115006D,3,100.0
3W44,製程,11,SFCW60420004D;SFCW50910003D;SFCW50928001D;SFCW51111002D;SFCW51112001D;SFCW60516001D;SFCW50926001D;SFCW60204003D;SFCW60513001D;SFCW51223001D;SFCW60423001D,21,52.4
3W44,材料,7,SFCW60424005D;SFCW60128001D;SFCW51015001D;SFCW60417001D;SFCW60324002D;SFCW50920003D;SFCW50926002D,21,33.3
3W44,其他,2,SFCW60303005D;SFCW51020001D,21,9.5
3W44,作業,1,SFCW60203002D,21,4.8
3W62,其他,1,SFCW60331009B,2,50.0
3W62,製程,1,SFCW51226001D,2,50.0
3W63,製程,5,SFCW51030001E;SFCW60326001E;SFCW51027002D;SFCW51209001D;SFCW51029005D,13,38.5
3W63,材料,4,SFCW60110002D;SFCW51201003D;SFCW60226001D;SFCW51113002D,13,30.8
3W63,其他,2,SFCW60409002D;SFCW51215001D,13,15.4
3W63,作業,1,SFCW51226002D,13,7.7
3W63,設計,1,SFCW60331010B,13,7.7
3W64,製程,4,SFCW51128002D;SFCW51125001D;SFCW60122001D;SFCW60304002D,8,50.0
3W64,材料,3,SFCW50919004D;SFCW60304001D;SFCW50925003D,8,37.5
3W64,作業,1,SFCW50918005D,8,12.5
3X02,設計,1,SFCW60331008B,1,100.0
3X06,製程,1,SFCW60304003D,1,100.0
3Z01,製程,1,SFCQ51208001D,1,100.0
3Z27,製程,2,SFCW51212001D;SFCW51204001D,3,66.7
3Z27,材料,1,SFCW60115001D,3,33.3
4015,作業,1,SFCW51119005D,1,100.0
4023,作業,1,SFCW60306003D,2,50.0
4023,材料,1,SFCW60309001D,2,50.0
4A02,其他,1,SFCW60325014B,1,100.0
4A03,材料,38,SFCW60214002B;SFCW51202025B;SFCW51205009B;SFCW51202026B;SFCW60130005B;SFCW60117007B;SFCW60207009B;SFCW60327006B;SFCW60227001B;SFCW51031003B;SFCW60109007B;SFCW51205008B;SFCW60214001B;SFCW60318009B;SFCW60228001B;SFCW51220004B;SFCW60130004B;SFCW60207008B;SFCW60130007B;SFCW60214005B;SFCW60123007B;SFCW60214004B;SFCW51017017B;SFCW60109006B;SFCW51227010B;SFCW51128006B;SFCW60123006B;SFCW60116008B;SFCW51016001B;SFCQ50930007C;SFCW60117008B;SFCW60307003B;SFCW60320005B;SFCW51023018B;SFCW60214003B;SFCW51227009B;SFCW51202024B;SFCW60130003B,78,48.7
4A03,作業,26,SFCW60313004B;SFCW60109004B;SFCW51217017B;SFCW51021004B;SFCW51107007B;SFCW60109005B;SFCW51028011B;SFCW60130006B;SFCW50917001B;SFCW51222002B;SFCQ51023002C;SFCW51024007B;SFCW51113012B;SFCW51216020B;SFCW51101008B;SFCW51119031B;SFCW60129002B;SFCQ51014008C;SFCW51122004B;SFCW60307002B;SFCW51031002B;SFCW51220002B;SFCW60327005B;SFCW50919001B;SFCW51002002B;SFCQ51015005C,78,33.3
4A03,製程,10,SFCW51113029B;SFCW60121015B;SFCW50830008B;SFCQ50928001C;SFCQ50927005C;SFCW51104021B;SFCW51003007B;SFCW51129009B;SFCW60318010B;SFCW60121014B,78,12.8
4A03,其他,4,SFCW51029013B;SFCQ51016004C;SFCW51026008B;SFCW51017015B,78,5.1
4A04,作業,2,SFCW51002003B;SFCW51121008B,6,33.3
4A04,其他,2,SFCW51012006B;SFCW50920009B,6,33.3
4A04,製程,2,SFCW50924010B;SFCW60408001B,6,33.3
4A05,作業,5,SFCW60207007B;SFCW51112017B;SFCW50719002B;SFCW51228008B;SFCQ50930005C,12,41.7
4A05,製程,4,SFCW60313003B;SFCW51104001B;SFCW60326022B;SFCW60316001C,12,33.3
4A05,其他,2,SFCW60210007D;SFCW60318011B,12,16.7
4A05,材料,1,SFCW51211005B,12,8.3
4A06,製程,4,SFCW51023039B;SFCW60110004B;SFCQ50930006C;SFCW51228010B,6,66.7
4A06,作業,2,SFCW51228005B;SFCW51004003B,6,33.3
4A07,作業,59,SFCW50726006B;SFCW51208002B;SFCQ51104003C;SFCW51212004B;SFCW51012002B;SFCW51224013B;SFCW51119028B;SFCW51001008B;SFCW50916003B;SFCQ51009002C;SFCW51004001B;SFCW51210031B;SFCW60131002B;SFCQ51007001C;SFCW50829018B;SFCW60116004B;SFCW51201017B;SFCW51006005B;SFCW60206003B;SFCW51206005B;SFCW60108002B;SFCW51209010B;SFCW60121005B;SFCW60302002B;SFCW51026005B;SFCW51220005B;SFCW51001001B;SFCQ51107007C;SFCW51031001B;SFCW60402009B;SFCW50920012B;SFCQ51014006C;SFCW60106003B;SFCW51102009B;SFCQ51008001C;SFCW51218014B;SFCQ51014007C;SFCW51115004B;SFCW51212006B;SFCW50927006B;SFCW51030008B;SFCW51226003B;SFCW60115012B;SFCW51201007B;SFCW51022001B;SFCW51108015B;SFCQ51107006C;SFCW50913015B;SFCW51217002B;SFCW60108011B;SFCW51126004B;SFCW51113010B;SFCW60115005B;SFCW51115005B;SFCW51020001B;SFCW60310003B;SFCW51106012B;SFCW51108014B;SFCW60319037B,86,68.6
4A07,製程,17,SFCW50802002B;SFCW51217001C;SFCW60328003B;SFCW50823005B;SFCW60110005B;SFCW51108013B;SFCW60424005B;SFCW51203001C;SFCW51204016B;SFCW60122004B;SFCW51012007B;SFCW50802001B;SFCW60206004B;SFCW51118010B;SFCW51023012B;SFCW50902002B;SFCW60116003B,86,19.8
4A07,材料,6,SFCW51029005B;SFCW51217010B;SFCW60124004B;SFCW51102004B;SFCQ60119001C;SFCW51113011B,86,7.0
4A07,其他,3,SFCW50612050B;SFCQ50923001C;SFCQ50923003C,86,3.5
4A07,設計,1,SFCW60112001B,86,1.2
4A08,作業,1,SFCW51029004D,2,50.0
4A08,其他,1,SFCW51205004B,2,50.0
4A09,製程,15,SFCW50918001B;SFCW51205010B;SFCW51201015B;SFCW51216022B;SFCW51202033B;SFCW51203021B;SFCW51227008B;SFCW50921007B;SFCW51225027B;SFCW60225002B;SFCW50920005D;SFCW60311017B;SFCW60128006B;SFCW60107019B;SFCW51028014B,29,51.7
4A09,作業,8,SFCW51105009B;SFCW51209008B;SFCW50918003B;SFCW50921010B;SFCW50927002B;SFCW51128007B;SFCW60401001B;SFCW51221002B,29,27.6
4A09,其他,4,SFCW51016010B;SFCW50927004B;SFCW50809019B;SFCW60508002B,29,13.8
4A09,設計,2,SFCW50928002B;SFCW50921009B,29,6.9
4A10,作業,4,SFCW51122012F;SFCW60110008F;SFCW51115017F;SFCW50922002D,6,66.7
4A10,其他,1,SFCW51229001B,6,16.7
4A10,設計,1,SFCW60325017B,6,16.7
4A20,其他,6,SFCW51025007D;SFCW51016002D;SFCW51024005D;SFCW60303004D;SFCW51017004D;SFCW60302004D,11,54.5
4A20,作業,3,SFCW60105001D;SFCW51015002D;SFCW51213001D,11,27.3
4A20,製程,2,SFCW60511001D;SFCW60515005D,11,18.2
4A26,材料,3,SFCW51205002G;SFCW60420001G;SFCW60311002D,5,60.0
4A26,作業,2,SFCQ50930001C;SFCW60521003D,5,40.0
4B003,作業,2,SFCW51112007F;SFCW60107013F,2,100.0
4B01,作業,54,SFCW51122011F;SFCW60107009F;SFCW60108009F;SFCW60127001F;SFCW60207005D;SFCW51114015B;SFCW51102003B;SFCW51203001F;SFCW51025002B;SFCW51205002F;SFCW51119008F;SFCW60120004F;SFCW51030031B;SFCW51220009F;SFCW60112001F;SFCW51228001F;SFCW51207001F;SFCW51118001F;SFCW60113005F;SFCW51218001F;SFCW60110001F;SFCW51129005F;SFCW60130009F;SFCW60113004F;SFCW51122014F;SFCW60120009F;SFCW51127001B;SFCW60109013F;SFCW50823004B;SFCW51114011F;SFCW60107014F;SFCW51129004F;SFCW51112010F;SFCW51118005F;SFCW51231001F;SFCW51223007F;SFCW60109004F;SFCW51220008F;SFCW51221002F;SFCW51121014F;SFCW51224001F;SFCW51016007B;SFCW60127003F;SFCW60115003F;SFCW51125009B;SFCW51122005F;SFCW51115013F;SFCW51108005B;SFCW51110002D;SFCW60317006B;SFCW51122010F;SFCW51112009F;SFCW51017013B;SFCW51227001F,76,71.1
4B01,材料,9,SFCW50921005B;SFCW60205005B;SFCW51125004F;SFCW51028013B;SFCW50917002D;SFCW51227003F;SFCW51217001F;SFCW51203016B;SFCW51230001F,76,11.8
4B01,其他,7,SFCW51026006B;SFCW51123007F;SFCW60329001B;SFCW51017001C;SFCW60127003B;SFCW50919001D;SFCW60518004D,76,9.2
4B01,製程,5,SFCW51105001B;SFCW51219013B;SFCW51220001B;SFCW51219003D;SFCW60306004D,76,6.6
4B01,設計,1,SFCW51211001F,76,1.3
4B02,作業,1,SFCW50913002B,2,50.0
4B02,其他,1,SFCW60422003D,2,50.0
4B04,其他,2,SFCW60408002D;SFCW60320007D,2,100.0
4B05,作業,25,SFCW60318007B;SFCW51129007B;SFCW51202032B;SFCW51219007B;SFCW51219001D;SFCW51107002B;SFCW51029002B;SFCW60110002F;SFCW51117004F;SFCW60318001B;SFCW60224008D;SFCW60117004F;SFCW51023033B;SFCW50830001B;SFCW50726009B;SFCW60224009D;SFCW51101011B;SFCW50625012B;SFCW50913018B;SFCW51025012B;SFCW60130008F;SFCW51111011F;SFCW50830003B;SFCW51121003F;SFCW51122002B,50,50.0
4B05,製程,18,SFCW60203003B;SFCW51217018B;SFCW51104005B;SFCW60302003B;SFCW51120037B;SFCW60319039B;SFCW51030020B;SFCW51215001B;SFCW50927005B;SFCW60124003B;SFCW60301002B;SFCW51123009B;SFCW60330005B;SFCW60109008B;SFCW51219004D;SFCW51119021B;SFCW60213002B;SFCW51019003B,50,36.0
4B05,其他,6,SFCW51205002B;SFCW60417001B;SFCW60131007B;SFCW51118004F;SFCW60124005B;SFCW50918002D,50,12.0
4B05,材料,1,SFCW60407001G,50,2.0
4B06,作業,10,SFCW51106043B;SFCW51114009F;SFCW60129011B;SFCW51011004B;SFCW60121001B;SFCW51018007B;SFCW60404002B;SFCW50824003B;SFCW51104003B;SFCW50928003B,16,62.5
4B06,製程,3,SFCW51213001B;SFCW60212002B;SFCW51126009B,16,18.8
4B06,材料,2,SFCW50920008B;SFCW60331006B,16,12.5
4B06,其他,1,SFCW50531030B,16,6.2
4B08,材料,1,SFCW51225025B,1,100.0
4B11,作業,11,SFCW60212003D;SFCW51117006F;SFCW51128002F;SFCW60418003D;SFCW51111004F;SFCW51221004F;SFCW51120009B;SFCW60122005B;SFCW51126003F;SFCW51130002F;SFCW51119016F,30,36.7
4B11,材料,10,SFCW51219010F;SFCW51218006F;SFCW51206001F;SFCW51015005D;SFCW51023001D;SFCW51119020F;SFCW60331001B;SFCW51202004F;SFCW51016001D;SFCW60425002D,30,33.3
4B11,其他,5,SFCW50915001D;SFCW50915001B;SFCW60120001B;SFCW51013005B;SFCW60320006D,30,16.7
4B11,製程,3,SFCW60107001B;SFCW60318003B;SFCW60313007B,30,10.0
4B11,設計,1,SFCW60120003B,30,3.3
4B12,作業,34,SFCW51105011B;SFCW60201002B;SFCW50816003B;SFCW51106013B;SFCW60303001B;SFCW51107008B;SFCW51115007B;SFCW51114012B;SFCW51121011F;SFCW60120005F;SFCW60123001B;SFCW51219006F;SFCW50913017B;SFCW60121001F;SFCW60105001F;SFCQ51024001B;SFCW51106044B;SFCW51012001B;SFCW51125001B;SFCW60128002B;SFCW51030030B;SFCW51112001F;SFCW50809018B;SFCW51210003B;SFCW51126005F;SFCW60123004B;SFCW60120011F;SFCW60116001B;SFCW51222006F;SFCW51024001B;SFCW60328004B;SFCW51122003B;SFCW60129031B;SFCW51003006B,47,72.3
4B12,製程,6,SFCW60107002B;SFCW51109002B;SFCW60411002B;SFCW60116002B;SFCW50924008B;SFCW60414001B,47,12.8
4B12,材料,4,SFCW60327007B;SFCW51025008B;SFCW60324004B;SFCW60306002B,47,8.5
4B12,其他,2,SFCW60124010B;SFCW50809017B,47,4.3
4B12,設計,1,SFCW508020-5B,47,2.1
4B13,作業,1,SFCW60109014F,1,100.0
4B14,作業,28,SFCW60212002D;SFCW51115001F;SFCW60109010F;SFCW60111004F;SFCW51023038B;SFCW60121004F;SFCW60113015F;SFCW60113006F;SFCW60207003B;SFCW51114022F;SFCW60106005F;SFCW51011002B;SFCW60206004D;SFCW60108006F;SFCW51209003D;SFCW60109003F;SFCW50929001B;SFCW51222004F;SFCW60225001D;SFCW51218009F;SFCW50816001B;SFCW51228009B;SFCW51115008F;SFCW60223004D;SFCW60127005F;SFCW60109009F;SFCW60125005F;SFCW51111007F,47,59.6
4B14,製程,11,SFCW51026007B;SFCW51118014B;SFCW51102010B;SFCW51119013B;SFCW51214005B;SFCW51113015B;SFCW60227003B;SFCW60115011B;SFCW60430001B;SFCW51118002F;SFCW60328001B,47,23.4
4B14,材料,5,SFCW60411001B;SFCW50611016B;SFCW50911019B;SFCW60106001F;SFCW60331007B,47,10.6
4B14,設計,2,SFCW50625006B;SFCW60405001B,47,4.3
4B14,其他,1,SFCW60320003B,47,2.1
4B15,作業,2,SFCW60207002B;SFCW51023004D,4,50.0
4B15,其他,1,SFCW60516003D,4,25.0
4B15,材料,1,SFCW51201004D,4,25.0
4B16,製程,6,SFCW60114012B;SFCW50920001B;SFCW51128001D;SFCW51016008B;SFCW60109001D;SFCW51126002B,14,42.9
4B16,作業,4,SFCW51027003D;SFCW51021003B;SFCW60326003D;SFCW60223003D,14,28.6
4B16,材料,4,SFCW60302001B;SFCW51114005F;SFCW60111003F;SFCW51126001B,14,28.6
4B17,作業,11,SFCW51222001F;SFCW51220004F;SFCW51120006F;SFCW51129002F;SFCW51228004B;SFCW60113008F;SFCW60129003F;SFCW60107016F;SFCW60108005F;SFCW51015031B;SFCW60120003F,17,64.7
4B17,其他,2,SFCW51101010B;SFCW51108006B,17,11.8
4B17,製程,2,SFCW51011003B;SFCW51014001B,17,11.8
4B17,材料,1,SFCW51206007B,17,5.9
4B17,設計,1,SFCW60114003G,17,5.9
4B18,作業,12,SFCW51115010F;SFCW50923014B;SFCW51127012B;SFCW60124005F;SFCW51114001B;SFCW51112014B;SFCW51227013B;SFCW51128009B;SFCW60106008F;SFCW51121007B;SFCW60328002B;SFCW60108014F,24,50.0
4B18,製程,10,SFCW51106010B;SFCW60118001B;SFCW60103003B;SFCW60118002B;SFCW51224001B;SFCW51025009B;SFCW51211020B;SFCW51203019B;SFCW51112001B;SFCW51205006B,24,41.7
4B18,材料,2,SFCW60325020B;SFCW60430002G,24,8.3
4B19,作業,3,SFCQ50917008C;SFCQ50911002C;SFCW51104003D,3,100.0
4B22,其他,1,SFCW60206002D,1,100.0
4B23,材料,1,SFCQ50920001C,1,100.0
4B25,其他,1,SFCW51218002D,1,100.0
4B26,作業,9,SFCW60305001D;SFCW60116007F;SFCW51221012F;SFCW51219004F;SFCW60130006F;SFCW60115002F;SFCW60105008F;SFCW60324001D;SFCW51115020F,14,64.3
4B26,其他,2,SFCW50924001D;SFCW60319002D,14,14.3
4B26,製程,2,SFCW51121001D;SFCW60321005D,14,14.3
4B26,材料,1,SFCW51117002F,14,7.1
4B27,作業,6,SFCW51119009F;SFCW51115011F;SFCW60116006F;SFCW60109005F;SFCW51218007F;SFCW60109002F,8,75.0
4B27,其他,1,SFCW60126006D,8,12.5
4B27,材料,1,SFCW60105001E,8,12.5
4B28,材料,5,SFCQ60226001D;SFCW60226002D;SFCW60320009D;SFCW60401002D;SFCW51024004B,7,71.4
4B28,其他,2,SFCW51127001D;SFCW50913013B,7,28.6
4B32,作業,4,SFCW60320008D;SFCW51220003B;SFCW60313001D;SFCW60121013B,5,80.0
4B32,其他,1,SFCW60319006D,5,20.0
4B41,其他,1,SFCW60316002D,1,100.0
4B43,作業,1,SFCW51029002D,2,50.0
4B43,材料,1,SFCW60327001D,2,50.0
4B49,其他,1,SFCW60427004D,1,100.0
4B58,作業,1,SFCW60424004D,1,100.0
4B64,作業,21,SFCW51024007D;SFCW60323004D;SFCW60311003D;SFCW51203001D;SFCW51122002D;SFCW51111004D;SFCW51216001D;SFCW51121006F;SFCW51029001D;SFCW60207008D;SFCW60520003D;SFCW51218001D;SFCW51225004D;SFCW51015004D;SFCW60326001D;SFCW60302001D;SFCW51227002D;SFCW60401005D;SFCW50910004D;SFCW51021001D;SFCW51206001D,29,72.4
4B64,材料,5,SFCW51222004C;SFCW60120005D;SFCW50918003D;SFCW60422004D;SFCW60303002D,29,17.2
4B64,其他,2,SFCW60210003D;SFCW60417003D,29,6.9
4B64,製程,1,SFCW60204009D,29,3.4
4B73,作業,22,SFCW51222007F;SFCW60106002F;SFCW60109012F;SFCW60202001F;SFCW51223002F;SFCW51212001F;SFCW51128005F;SFCW51219003F;SFCW51112006F;SFCW60120008F;SFCW51129010F;SFCW60111007F;SFCW51127005F;SFCW51115016F;SFCW60130003F;SFCW51204002F;SFCW60114005F;SFCW51224006F;SFCW60120007F;SFCW60117005F;SFCW51118007F;SFCW51129009F,25,88.0
4B73,材料,3,SFCW51120011F;SFCW51126007F;SFCW60114001E,25,12.0
4B74,作業,1,SFCW51124006F,1,100.0
4B75,作業,14,SFCW51220005F;SFCW51127003F;SFCW51220003F;SFCW60128003F;SFCW60118002F;SFCW51221003F;SFCW60116002F;SFCW51112013F;SFCW60202002F;SFCW51118003F;SFCW51217002F;SFCW51125010F;SFCW60130007F;SFCW60115004F,17,82.4
4B75,材料,3,SFCW60430001G;SFCW60415006D;SFCW60413001G,17,17.6
4BAA,製程,3,SFCQ50910003C;SFCW60521002D;SFCQ50910005C,4,75.0
4BAA,設計,1,SFCW50905001C,4,25.0
4C00,作業,6,SFCW51123003F;SFCW60122004F;SFCW50918007D;SFCW51125005F;SFCW60105006F;SFCW51119012F,10,60.0
4C00,材料,4,SFCW51119001F;SFCW51120005F;SFCW51114018F;SFCW51122013F,10,40.0
4C01,材料,3,SFCW60411001D;SFCW60121003D;SFCW60408003D,4,75.0
4C01,作業,1,SFCW60319001D,4,25.0
4C02,製程,1,SFCW50926005D,1,100.0
4C03,材料,48,SFCQ51020003E;SFCW51119018F;SFCW51115005F;SFCW51123009F;SFCW51219008F;SFCW51227002F;SFCW60108003D;SFCW60108003F;SFCW51023002D;SFCW60130010F;SFCW60113013F;SFCW51112015B;SFCW51015006D;SFCW51125013F;SFCW51114020F;SFCW51124005F;SFCW51224005F;SFCW51123006F;SFCW60111001F;SFCW51111009F;SFCW51011011B;SFCW60122001F;SFCW51221009F;SFCW51119005F;SFCW60108010B;SFCW51106015B;SFCW60108004F;SFCW60128001F;SFCW60124001F;SFCW51011009B;SFCW60106007F;SFCW51123008F;SFCW60125003F;SFCW60116009F;SFCW60114001F;SFCW60124003F;SFCW51221008F;SFCW60127004F;SFCW60113014F;SFCW51110001F;SFCW51123005F;SFCW51115021F;SFCW51201001F;SFCW60207002D;SFCW51121015F;SFCW60110004F;SFCW51119013F;SFCW60128004F,63,76.2
4C03,作業,12,SFCW60121007F;SFCW51225005F;SFCW51023010B;SFCW60317001B;SFCW60228003D;SFCW60228004D;SFCW51209007B;SFCW50910002D;SFCW51023014B;SFCW60309003D;SFCQ51026001B;SFCW51021002D,63,19.0
4C03,其他,2,SFCW51011010B;SFCW51023013B,63,3.2
4C03,製程,1,SFCW51121002D,63,1.6
4C04,作業,1,SFCW60326003B,2,50.0
4C04,其他,1,SFCW60119001D,2,50.0
4C05,材料,5,SFCW50709019B;SFCW51216001B;SFCW60402018B;SFCW50707017B;SFCW50714024B,5,100.0
4C06,材料,6,SFCW51115014F;SFCW60124011B;SFCW50725001C;SFCW60124008B;SFCW60318004D;SFCW51206002F,9,66.7
4C06,作業,2,SFCW51124008F;SFCW51203002D,9,22.2
4C06,製程,1,SFCW50930003B,9,11.1
4C07,材料,1,SFCW60111008F,1,100.0
4C09,作業,33,SFCW51128003F;SFCW51111002F;SFCW51115018F;SFCW60109006F;SFCW60103005B;SFCW51202005F;SFCW51121013F;SFCW51120010F;SFCW51121012F;SFCW51114007F;SFCW60114004F;SFCW51218015F;SFCW60106004F;SFCW60114003F;SFCW51220006F;SFCW51125012F;SFCW60118003F;SFCW60121009F;SFCW60115007F;SFCW60127007F;SFCW60123001F;SFCW51203003F;SFCW60114006F;SFCW51217006F;SFCW60125001F;SFCW60131005F;SFCW60115001F;SFCW51229001E;SFCW60117002F;SFCW51220007F;SFCW51126006F;SFCW51209001F;SFCW60124004D,37,89.2
4C09,製程,2,SFCW51124002D;SFCW60127006B,37,5.4
4C09,其他,1,SFCW51023008B,37,2.7
4C09,材料,1,SFCW51031002D,37,2.7
4C44,作業,1,SFCW51016004D,2,50.0
4C44,製程,1,SFCW60208003D,2,50.0
4C69,材料,1,SFCW50911001B,1,100.0
4D005,其他,1,SFCW51014003D,1,100.0
4D01,製程,16,SFCW51219012B;SFCW60226003B;SFCW60202002B;SFCW51028001B;SFCW60131003B;SFCW51204017B;SFCW60408006B;SFCW51101007B;SFCW60123002B;SFCW60131001B;SFCW60124001B;SFCW51114014B;SFCW60127004B;SFCW60117009B;SFCW51226006B;SFCW51121001C,17,94.1
4D01,作業,1,SFCW60120010F,17,5.9
4D09,作業,54,SFCW51118002B;SFCW60108004B;SFCW60119001B;SFCW60425004B;SFCW60117001B;SFCW50911024B;SFCW51008002B;SFCW50927001B;SFCW51022023B;SFCW51008003B;SFCW50924012B;SFCW60206001B;SFCW51209020B;SFCW51109001B;SFCW51022004B;SFCW51017020B;SFCW50925001B;SFCW51113001B;SFCW60108001B;SFCW51029014B;SFCW60226002B;SFCW60122003B;SFCW60402010B;SFCW60128007B;SFCW50928001B;SFCW51127011B;SFCW51128002B;SFCW60204001B;SFCW51003001B;SFCW51224021B;SFCW51022011B;SFCW60117006B;SFCW50913012B;SFCW60205003B;SFCW60213005B;SFCW51114009B;SFCW50930004B;SFCW51105003B;SFCW60227002B;SFCW51120003D;SFCW51225028B;SFCW50920011B;SFCW51112016B;SFCW60411003B;SFCW50913011B;SFCW51226004B;SFCW60203001B;SFCW50921012B;SFCW51212002B;SFCW60319001B;SFCW50911021B;SFCW60404001B;SFCW51127010B;SFCW51012003B,90,60.0
4D09,製程,13,SFCW51016002B;SFCW60325011B;SFCW60327004B;SFCW51116001B;SFCW51202022B;SFCW60114013B;SFCW60108016B;SFCW60320004B;SFCW51026004B;SFCW51123007B;SFCW60328005B;SFCW50926017B;SFCW50318012B,90,14.4
4D09,材料,8,SFCW50813031B;SFCW50921006B;SFCW50920004B;SFCW50913016B;SFCW51204019B;SFCW50916007B;SFCW51203014B;SFCW51225015B,90,8.9
4D09,設計,8,SFCW60129001B;SFCW51223011B;SFCW508020-6B;SFCW60410006B;SFCW60116007B;SFCW51028002B;SFCW60121003B;SFCW508020-4B,90,8.9
4D09,其他,7,SFCW51209019B;SFCW60313002B;SFCW51129004B;SFCW51210025B;SFCW51004002B;SFCW51211022B;SFCW60210002D,90,7.8
4D10,製程,20,SFCW51017021B;SFCW60310002B;SFCW51102005B;SFCW51129001B;SFCW51123010B;SFCW60205004B;SFCQ51015001B;SFCW60324003B;SFCW50921002B;SFCW51017022B;SFCW50912012B;SFCW60312004B;SFCW60108009B;SFCW50922013B;SFCW51214003B;SFCW60330007B;SFCW51123011B;SFCW60312002B;SFCW51210002B;SFCW51109003B,37,54.1
4D10,作業,8,SFCQ50930002B;SFCW51219011B;SFCW60204002B;SFCW50917008B;SFCQ50913001B;SFCW50813029B;SFCW51108002B;SFCW51018006B,37,21.6
4D10,材料,7,SFCW51214002B;SFCW51010001B;SFCW60428012B;SFCW50916004B;SFCW51011006B;SFCW51118009B;SFCW51203015B,37,18.9
4D10,其他,2,SFCW60306003B;SFCW50916006B,37,5.4
4D11,製程,27,SFCW51111019B;SFCW60428002B;SFCW60318021B;SFCW51006006B;SFCW51218001B;SFCW51219014B;SFCW51222001B;SFCW51118013B;SFCW60423018B;SFCW51103002B;SFCW60303002B;SFCW51129003B;SFCW60205006B;SFCW60427002B;SFCW51211021B;SFCW51108001B;SFCW60129014B;SFCW60320002B;SFCW51201016B;SFCW51127002B;SFCW51029003B;SFCW60324002B;SFCW60505001B;SFCW60211001B;SFCW60207001B;SFCW60421001B;SFCW60224001B,32,84.4
4D11,作業,4,SFCW60207010B;SFCW51205007B;SFCW51121008F;SFCW50911020B,32,12.5
4D11,其他,1,SFCW51025001B,32,3.1
4D37,製程,1,SFCW51209001C,1,100.0
4D39,作業,20,SFCW51107005B;SFCW50913001B;SFCW51224014B;SFCW50930006B;SFCW51123012B;SFCW51217009B;SFCW60109003B;SFCW50912011B;SFCW51106017B;SFCW50916002B;SFCW50924006B;SFCW51224003B;SFCW51128008B;SFCW51003004B;SFCW51101006B;SFCW60116005B;SFCW51019004B;SFCW51012004B;SFCW60108007B;SFCW51222003B,45,44.4
4D39,材料,13,SFCW50921001B;SFCW50610032B;SFCW51003003B;SFCW60312006B;SFCW51108003B;SFCW51003002B;SFCQ50909001B;SFCW51011012B;SFCW50924007B;SFCW51105008B;SFCW60127002B;SFCW50922012B;SFCW51017019B,45,28.9
4D39,製程,9,SFCW51211004B;SFCW60301001B;SFCW60108008B;SFCW51109004B;SFCW60423005B;SFCW60206005B;SFCW60312007B;SFCW60118003B;SFCW51116002B,45,20.0
4D39,其他,2,SFCW50920006B;SFCW51116004B,45,4.4
4D39,設計,1,SFCQ50918001B,45,2.2
4D40,其他,1,SFCW50921003B,2,50.0
4D40,材料,1,SFCW51011007B,2,50.0
4E01,作業,5,SFCW60117009F;SFCW60116006B;SFCW51127004F;SFCW60113012F;SFCW60119001F,15,33.3
4E01,製程,5,SFCW51220007B;SFCW51224002B;SFCW60131004B;SFCW51110002B;SFCW51226001B,15,33.3
4E01,其他,2,SFCW51029012B;SFCW60110007B,15,13.3
4E01,材料,2,SFCW51115002F;SFCW51129001F,15,13.3
4E01,設計,1,SFCW60212001B,15,6.7
4E02,製程,3,SFCQ51008002E;SFCW60424002D;SFCQ51008003E,5,60.0
4E02,作業,1,SFCW51102007B,5,20.0
4E02,材料,1,SFCW508020-2B,5,20.0
4E03,材料,3,SFCQ51030001C;SFCQ51108002C;SFCW51119019F,7,42.9
4E03,製程,2,SFCW51103001B;SFCW60112001C,7,28.6
4E03,作業,1,SFCW51119003F,7,14.3
4E03,其他,1,SFCW51114010B,7,14.3
4E04,製程,29,SFCW50427011B;SFCW51107004B;SFCW51218018B;SFCQ60207001D;SFCW51226002B;SFCW51024008B;SFCW51029015B;SFCW51115006B;SFCW60106002B;SFCW51220003D;SFCW60127001D;SFCW51226005B;SFCW60315002B;SFCW60228002B;SFCW51118012B;SFCW51122001B;SFCW51031004B;SFCW51022024B;SFCW51120005B;SFCW60117010B;SFCW60121002B;SFCW51115003B;SFCW51206001B;SFCW50523015B;SFCW51218012B;SFCW60124002B;SFCW60428001B;SFCW60316005B;SFCW51002004B,37,78.4
4E04,作業,5,SFCW60131002F;SFCW60106003F;SFCW60107012F;SFCW60302005D;SFCW51210001F,37,13.5
4E04,其他,2,SFCW51110001D;SFCW60207007D,37,5.4
4E04,材料,1,SFCW51123001F,37,2.7
4E05,製程,13,SFCW50922008B;SFCW51204015B;SFCW60305024B;SFCW60306004B;SFCW60225001B;SFCW60306005B;SFCW51228012B;SFCW60104001B;SFCW60401002B;SFCW60109002B;SFCW51215008B;SFCW60120007B;SFCW60107004B,18,72.2
4E05,作業,5,SFCW60106001B;SFCW51230001B;SFCW60103001B;SFCW51125008B;SFCW60107003B,18,27.8
4E06,作業,3,SFCW51028012B;SFCW51208004B;SFCW51219014F,8,37.5
4E06,製程,3,SFCW50927007B;SFCW51003005B;SFCW51129002B,8,37.5
4E06,材料,2,SFCW50822011B;SFCW51204001F,8,25.0
4E07,製程,3,SFCW60124009B;SFCW51216019B;SFCW51107006B,4,75.0
4E07,材料,1,SFCW60320006B,4,25.0
4E09,製程,5,SFCW50823003B;SFCW51216016B;SFCW51118011B;SFCW51130004B;SFCW51216015B,6,83.3
4E09,作業,1,SFCW60107004F,6,16.7
4E10,製程,9,SFCW51118001B;SFCW60402011B;SFCW60114001B;SFCW51017014B;SFCW51026001B;SFCW60331004B;SFCW51117001B;SFCW60115001B;SFCW50927003B,13,69.2
4E10,作業,3,SFCW51021002B;SFCW50911017B;SFCW50804004B,13,23.1
4E10,材料,1,SFCW60410001G,13,7.7
4F01,作業,4,SFCW50924004B;SFCW51021001B;SFCW51126004F;SFCW51120006B,7,57.1
4F01,製程,2,SFCW60117002B;SFCW60226001B,7,28.6
4F01,材料,1,SFCW50929001D,7,14.3
4F02,材料,2,SFCQ51017005C;SFCQ51018001C,4,50.0
4F02,作業,1,SFCQ50916003C,4,25.0
4F02,其他,1,SFCW51202006G,4,25.0
4F03,製程,1,SFCW60110002B,1,100.0
4F05,製程,6,SFCW51223002B;SFCW50404011B;SFCW50726008B;SFCW51030009B;SFCW51025007B;SFCW60409019B,12,50.0
4F05,作業,3,SFCW50719001B;SFCW60210005D;SFCW60310003D,12,25.0
4F05,材料,2,SFCW50611026B;SFCW60515001B,12,16.7
4F05,其他,1,SFCW51121006B,12,8.3
4F08,作業,6,SFCW51224012B;SFCW51111003F;SFCW51019002B;SFCW60320001B;SFCW51028016B;SFCW60311009B,13,46.2
4F08,製程,6,SFCW50523014B;SFCW50707012B;SFCW51212001B;SFCW60128001B;SFCW50927005D;SFCW51127009B,13,46.2
4F08,材料,1,SFCQ51029007C,13,7.7
4F10,作業,6,SFCW51202008G;SFCW51202009G;SFCW51127001F;SFCW51122007F;SFCW60115002B;SFCW51114004F,9,66.7
4F10,其他,2,SFCW60126004D;SFCW60213002D,9,22.2
4F10,材料,1,SFCW51115007F,9,11.1
4F13,材料,1,SFCW60507001B,1,100.0
4F14,作業,2,SFCW60324001F;SFCW60113009F,2,100.0
4F15,材料,1,SFCW50916005B,2,50.0
4F15,製程,1,SFCW50726007B,2,50.0
4F16,作業,4,SFCW51125007F;SFCW60427001B;SFCW60109015F;SFCW50726005B,5,80.0
4F16,其他,1,SFCW50712005B,5,20.0
4F18,作業,2,SFCW51121009F;SFCW51130001F,3,66.7
4F18,材料,1,SFCW51125009F,3,33.3
4F19,設計,1,SFCW60120005B,1,100.0
4F23,設計,1,SFCW60120004B,1,100.0
4G01,作業,26,SFCW60330001D;SFCW51119017F;SFCW51115003F;SFCW60108010F;SFCW51119015F;SFCW60515006D;SFCW60116010F;SFCW50918006D;SFCW50920003B;SFCW60225004D;SFCW60112003F;SFCW51116001F;SFCW51114008F;SFCW60113010F;SFCW60110006F;SFCW50921004B;SFCW51115004F;SFCW60128005F;SFCW51112005F;SFCW60107006F;SFCW51122004D;SFCW51122003F;SFCW60520002D;SFCW51117003F;SFCW60210006D;SFCW60116009B,38,68.4
4G01,製程,9,SFCW51006001B;SFCW60312037B;SFCW60130008B;SFCW60418001B;SFCW51208001B;SFCW60108003B;SFCW51124001B;SFCW60107005B;SFCW51112002D,38,23.7
4G01,其他,1,SFCW508020-3B,38,2.6
4G01,材料,1,SFCW60210006B,38,2.6
4G01,設計,1,SFCW51224004B,38,2.6
4G02,設計,6,SFCQ50916007C;SFCQ50916004C;SFCQ50917009C;SFCQ50916006C;SFCQ50916005C;SFCQ50918007C,10,60.0
4G02,作業,2,SFCW51112011F;SFCW60318009D,10,20.0
4G02,其他,2,SFCW60128003D;SFCW51201001D,10,20.0
4G03,作業,17,SFCW51119032B;SFCW50920010B;SFCW51212003B;SFCW51108004B;SFCW51102002B;SFCW51122006B;SFCW60122001B;SFCW60512001B;SFCQ51013002C;SFCW51227012B;SFCW51018002B;SFCW51023015B;SFCW60122002B;SFCW51218013B;SFCW60117001F;SFCW50816016B;SFCW51121005B,22,77.3
4G03,製程,3,SFCQ50920002C;SFCW51212005B;SFCW60129013B,22,13.6
4G03,其他,1,SFCW60109001B,22,4.5
4G03,材料,1,SFCW50919001C,22,4.5
4G04,作業,1,SFCW51029001B,1,100.0
4G05,作業,12,SFCW60313003D;SFCW50816002B;SFCW50617003B;SFCW60119003D;SFCW60108002D;SFCW60312002D;SFCW60415007D;SFCW51024002D;SFCW50922006D;SFCW60417004D;SFCW60223002D;SFCW60415003D,16,75.0
4G05,材料,2,SFCW60117003B;SFCW60117004B,16,12.5
4G05,製程,2,SFCQ50915001C;SFCQ60207002D,16,12.5
4G12,其他,1,SFCW51213008B,1,100.0
4G63,材料,4,SFCQ51023011C;SFCQ51023009C;SFCQ51023008C;SFCQ51023010C,4,100.0
4H01,製程,8,SFCW51015028B;SFCW51102001B;SFCW51025004B;SFCW60205001B;SFCW51018005B;SFCW51120015B;SFCW51030005B;SFCW51022026B,14,57.1
4H01,作業,3,SFCW51218008F;SFCW51117002B;SFCW51219007F,14,21.4
4H01,其他,2,SFCW51205005B;SFCW51201011B,14,14.3
4H01,設計,1,SFCW51111018B,14,7.1
4H02,其他,1,SFCW60515004D,2,50.0
4H02,材料,1,SFCW50920002B,2,50.0
4H05,作業,7,SFCW60108008F;SFCW50921013B;SFCW60420002D;SFCW50911022B;SFCW51216018B;SFCW50912002D;SFCW51014002D,13,53.8
4H05,其他,2,SFCW50913004B;SFCW60414001D,13,15.4
4H05,設計,2,SFCW50914001B;SFCQ50927001B,13,15.4
4H05,材料,1,SFCW50912019B,13,7.7
4H05,製程,1,SFCW60326002D,13,7.7
4H06,作業,1,SFCW51121004D,1,100.0
4H07,材料,1,SFCW60325015B,3,33.3
4H07,製程,1,SFCW51013003B,3,33.3
4H07,設計,1,SFCQ50926001C,3,33.3
4H08,作業,5,SFCW51101003B;SFCW51123008B;SFCW51022025B;SFCW60125007D;SFCW60310004D,11,45.5
4H08,其他,3,SFCW60317006D;SFCW60317005D;SFCW60313004D,11,27.3
4H08,製程,3,SFCW60121004B;SFCW60316003D;SFCW60520006D,11,27.3
4H09,作業,4,SFCW51106016B;SFCW51213003B;SFCW51026010B;SFCW51105007B,10,40.0
4H09,製程,4,SFCW51023009B;SFCW51104007B;SFCW50922009B;SFCW60108006B,10,40.0
4H09,其他,1,SFCW51130003B,10,10.0
4H09,材料,1,SFCW60114001G,10,10.0
4H10,作業,2,SFCW51129011F;SFCW51113024F,5,40.0
4H10,製程,2,SFCW51108012B;SFCW51108011B,5,40.0
4H10,材料,1,SFCW60108011F,5,20.0
4H11,作業,2,SFCW51111005F;SFCW51225001F,3,66.7
4H11,其他,1,SFCW60325012B,3,33.3
4H12,作業,2,SFCW51202003F;SFCW51223004F,5,40.0
4H12,其他,2,SFCW60110009F;SFCW51125002D,5,40.0
4H12,製程,1,SFCW51223001C,5,20.0
4H14,作業,2,SFCW50916003D;SFCW60124002D,3,66.7
4H14,其他,1,SFCW51025006B,3,33.3
4H38,材料,1,SFCW60123008F,1,100.0
4H63,作業,6,SFCW51128001F;SFCW51119004F;SFCW51115012F;SFCW51111001F;SFCW51114012F;SFCW51129006F,7,85.7
4H63,其他,1,SFCW51120008F,7,14.3
4H69,作業,6,SFCW51129008F;SFCW50916008B;SFCW51104020B;SFCW51008001B;SFCW60105009F;SFCW51128004F,9,66.7
4H69,製程,3,SFCW50902001B;SFCW51229003B;SFCW51002023B,9,33.3
4H70,作業,27,SFCW51111010F;SFCW60122005F;SFCW51202002F;SFCW60317007B;SFCW60114007F;SFCW60117003F;SFCW60123003F;SFCW51121001F;SFCW60107010F;SFCW60127006F;SFCW60113003F;SFCW51205001G;SFCW51202001F;SFCW51223006F;SFCW50915002B;SFCW60107011F;SFCW51112012F;SFCW60117008F;SFCW60105002F;SFCW51115015F;SFCW51127007F;SFCW51111008F;SFCW51202007G;SFCW60124004F;SFCW60122002F;SFCW60105003F;SFCW51219011F,28,96.4
4H70,製程,1,SFCW60514003D,28,3.6
4H71,作業,6,SFCW60113007F;SFCW60116003F;SFCW60127002F;SFCW60113001F;SFCW51217003F;SFCW60131001F,6,100.0
4H72,製程,1,SFCW51105021B,1,100.0
4H74,作業,1,SFCW60129004F,1,100.0
4H80,作業,9,SFCW51219005F;SFCW51126001F;SFCW51223001F;SFCW51221011F;SFCW51219009F;SFCW51124001F;SFCW60425001D;SFCW51127002F;SFCW51219013F,9,100.0
4I01,其他,1,SFCW50913014B,2,50.0
4I01,設計,1,SFCW51222002C,2,50.0
4I04,其他,7,SFCW51102008B;SFCW51213002B;SFCW51026013B;SFCW60425002B;SFCW51211006B;SFCW51228007B;SFCW51130002B,13,53.8
4I04,作業,3,SFCW51017023B;SFCW51226007B;SFCW51022003B,13,23.1
4I04,材料,3,SFCW51006004B;SFCW51203012B;SFCW51026014B,13,23.1
4I06,作業,1,SFCW51119006F,1,100.0
4I07,作業,13,SFCW60122003F;SFCW51129008B;SFCW60111002F;SFCW51124003F;SFCW51218003F;SFCW60130005F;SFCW60107007F;SFCW51127006F;SFCW60121003F;SFCW51121010F;SFCW60125002F;SFCW60113002F;SFCW51129007F,15,86.7
4I07,製程,1,SFCW60310001D,15,6.7
4I07,設計,1,SFCQ50923002B,15,6.7
4I08,其他,1,SFCW60120002B,1,100.0
4I09,其他,7,SFCW51115008B;SFCW51102006B;SFCW51228006B;SFCW51115009B;SFCW51109005B;SFCW51203011B;SFCW51116003B,9,77.8
4I09,材料,2,SFCW51025010B;SFCW51108007B,9,22.2
4I10,其他,1,SFCW60409022B,2,50.0
4I10,製程,1,SFCW50922011B,2,50.0
4I11,其他,2,SFCW60201001B;SFCW51202005G,3,66.7
4I11,設計,1,SFCW51221003B,3,33.3
4I14,作業,1,SFCW51125002F,1,100.0
4I16,作業,2,SFCW51023011B;SFCW51213009B,2,100.0
4I17,作業,1,SFCW51003008B,1,100.0
4I21,製程,1,SFCW51228011B,1,100.0
4I23,作業,9,SFCW51024009B;SFCW60118004F;SFCW51210037B;SFCW51019001B;SFCW60103004B;SFCW51129005B;SFCW60207011B;SFCW60316001B;SFCW51209009B,10,90.0
4I23,其他,1,SFCW60124007B,10,10.0
4I27,作業,14,SFCW60109007F;SFCW60123005F;SFCW51114021F;SFCW51026012B;SFCW51122001F;SFCW51121004F;SFCW60207004B;SFCW51201012E;SFCW51123004F;SFCW51228002B;SFCW60111006F;SFCW60118001F;SFCW60121008F;SFCW51026002B,15,93.3
4I27,其他,1,SFCW60131005B,15,6.7
4I29,作業,17,SFCW60116008F;SFCW60107003F;SFCW60130001F;SFCW51115009F;SFCW60111005F;SFCW60107002F;SFCW51124002F;SFCW60129002F;SFCW60116004F;SFCW51114006F;SFCW51129003F;SFCW60121006F;SFCW51119007F;SFCW51221005F;SFCW51220001F;SFCW60120002F;SFCW60107001F,30,56.7
4I29,其他,10,SFCW51130001B;SFCW60403006B;SFCW51221001B;SFCW51006003B;SFCW51122005B;SFCW60310001B;SFCW51025011B;SFCW51213004B;SFCW60110001B;SFCW51006002B,30,33.3
4I29,材料,2,SFCW60403007B;SFCW60114002G,30,6.7
4I29,設計,1,SFCW50928006B,30,3.3
4I34,設計,1,SFCW51026011B,1,100.0
4I35,作業,3,SFCW51120007F;SFCW51123002F;SFCW60116005F,3,100.0
4I37,製程,11,SFCW51221006B;SFCW50613008D;SFCW51028015B;SFCW60420001D;SFCW51213011B;SFCW51112018B;SFCW50922010B;SFCW51214004B;SFCW51206006B;SFCW51018001B;SFCW51214006B,15,73.3
4I37,作業,2,SFCW51104006B;SFCW51030012B,15,13.3
4I37,其他,1,SFCW51002001B,15,6.7
4I37,設計,1,SFCW51220012F,15,6.7
4I44,材料,1,SFCW50611027B,2,50.0
4I44,設計,1,SFCW508020-7B,2,50.0
4I47,製程,2,SFCW60330006B;SFCW51106006B,4,50.0
4I47,作業,1,SFCW51023016B,4,25.0
4I47,材料,1,SFCW51221004B,4,25.0
4I48,作業,3,SFCW60110011F;SFCW51228003B;SFCW51114014F,5,60.0
4I48,其他,1,SFCW51108009B,5,20.0
4I48,製程,1,SFCW51228001B,5,20.0
4I49,作業,10,SFCW51115001B;SFCQ50915004C;SFCW50811017B;SFCW51107003B;SFCW60324001B;SFCW60402012B;SFCW51024005B;SFCW51030010B;SFCW51125001C;SFCW51024006B,19,52.6
4I49,製程,8,SFCW60313005B;SFCW51101002B;SFCW60319052B;SFCW51017018B;SFCW60103002B;SFCW51101005B;SFCW60204003B;SFCW51101001B,19,42.1
4I49,材料,1,SFCW60417002B,19,5.3
4I50,製程,1,SFCW60210004D,1,100.0
4I52,製程,1,SFCW50917001D,1,100.0
4I56,作業,2,SFCW51114013F;SFCW51205001F,2,100.0
4J02,作業,15,SFCW60128002F;SFCW51009002D;SFCW51225007F;SFCW50911002D;SFCW60507002D;SFCW51114001D;SFCW51227003D;SFCW50917003D;SFCW60302002D;SFCW51111005D;SFCW60518005D;SFCW50910005D;SFCW51225006F;SFCW60123004F;SFCW60115004D,22,68.2
4J02,其他,3,SFCW51223005D;SFCW51025003D;SFCW51119010F,22,13.6
4J02,材料,3,SFCW60418004D;SFCW50918004D;SFCW51126002D,22,13.6
4J02,製程,1,SFCW60224007D,22,4.5
4J05,作業,1,SFCW51122008F,1,100.0
4J106,材料,1,SFCW50928005B,1,100.0
4J108,其他,1,SFCW51022002B,1,100.0
4J111,作業,5,SFCW51115006F;SFCW51126002F;SFCW60131004F;SFCW60108007F;SFCW51113001F,6,83.3
4J111,材料,1,SFCW60107008F,6,16.7
4J112,作業,3,SFCW51125003F;SFCW51122002F;SFCW51112008F,3,100.0
4J12,作業,1,SFCW60518011D,1,100.0
4J125,作業,1,SFCW51221007F,1,100.0
4J16,作業,3,SFCW51221010F;SFCW51122009F;SFCW60114002F,3,100.0
4J19,作業,1,SFCW51217004F,2,50.0
4J19,其他,1,SFCW60127001B,2,50.0
4J22,作業,1,SFCW60120006F,2,50.0
4J22,製程,1,SFCW51011005B,2,50.0
4J23,製程,1,SFCW60114005G,1,100.0
4J30,作業,2,SFCW60115006F;SFCQ50930004C,4,50.0
4J30,材料,1,SFCW60109008F,4,25.0
4J30,製程,1,SFCW51228002D,4,25.0
4J33,作業,2,SFCW51125006F;SFCW51028002D,2,100.0
4J34,材料,1,SFCW51101012B,1,100.0
4J43,其他,1,SFCW60124006B,1,100.0
4J56,作業,6,SFCW60123002F;SFCW51117001F;SFCW60120001F;SFCW60109016F;SFCW60117007F;SFCW60108015F,7,85.7
4J56,其他,1,SFCW41227075B,7,14.3
4J57,材料,1,SFCW51112003F,1,100.0
4J59,製程,1,SFCW60518002D,1,100.0
4J60,作業,10,SFCW60116001F;SFCW60123006F;SFCW60108002F;SFCW60121002F;SFCW51118006F;SFCW60107005F;SFCW51125001F;SFCW60105005F;SFCW51120002F;SFCW51121007F,12,83.3
4J60,材料,2,SFCW51121005F;SFCW51114019F,12,16.7
4K02,作業,4,SFCW51221007B;SFCW51022005B;SFCW51120042B;SFCW51120041B,9,44.4
4K02,製程,4,SFCW60310007B;SFCW51213012B;SFCW51229002B;SFCW51126005B,9,44.4
4K02,材料,1,SFCQ51115001E,9,11.1
4K06,其他,1,SFCW60204008D,1,100.0
4K09,其他,1,SFCW60325013B,1,100.0
4K10,作業,2,SFCQ51030005C;SFCQ51007002C,2,100.0
4K33,作業,1,SFCW60515001D,3,33.3
4K33,其他,1,SFCW51114011B,3,33.3
4K33,材料,1,SFCW60316004D,3,33.3
4K37,作業,2,SFCW51203002F;SFCW51117005F,2,100.0
4K38,製程,41,SFCW50326010B;SFCW60418002B;SFCW51106014B;SFCW60203002B;SFCW50830002B;SFCW60321001B;SFCW51023037B;SFCW50404010B;SFCW51121004B;SFCW51205001B;SFCW60508001B;SFCW50911018B;SFCW60313006B;SFCW60330004B;SFCW51107001B;SFCW51125002B;SFCW50921008B;SFCW51031006B;SFCW60425003B;SFCW60122006B;SFCW51016009B;SFCW60325010B;SFCW60204004B;SFCW51021005B;SFCW51209006B;SFCW60424006B;SFCW51112019B;SFCW51202023B;SFCW60220001B;SFCW51129006B;SFCW51210010B;SFCW51021007B;SFCW60406001B;SFCW60120006B;SFCW60506001B;SFCW60315001B;SFCW50905009B;SFCW51203020B;SFCW51216007B;SFCW51219008B;SFCW60210002B,63,65.1
4K38,其他,9,SFCW51213006B;SFCW51206009B;SFCW51025013B;SFCW60331011B;SFCW51023001B;SFCW51112020B;SFCW60331005B;SFCW50921011B;SFCW51018003B,63,14.3
4K38,作業,7,SFCW51119030B;SFCW51203018B;SFCW50918002B;SFCW60129012B;SFCW51206008B;SFCW51126003B;SFCW60117005B,63,11.1
4K38,材料,5,SFCW60114006G;SFCW51021006B;SFCW60407002G;SFCW51029004B;SFCW60129001F,63,7.9
4K38,設計,1,SFCW50911023B,63,1.6
4K39,其他,1,SFCW60307004B,2,50.0
4K39,製程,1,SFCW50914002B,2,50.0
4K41,作業,7,SFCW51227014B;SFCW51012008B;SFCW51106024B;SFCW50923013B;SFCW51031007B;SFCW51101004B;SFCW51210032B,8,87.5
4K41,材料,1,SFCW51004004B,8,12.5
4K48,作業,2,SFCW51113022F;SFCW60130002F,2,100.0
4K71,作業,1,SFCW60124002F,1,100.0
4K81,材料,1,SFCW51222001C,1,100.0
4K84,其他,1,SFCW60325016B,1,100.0
4K85,其他,3,SFCW51203013B;SFCW51025005B;SFCW51106007B,4,75.0
4K85,作業,1,SFCW51023017B,4,25.0
4K86,作業,2,SFCW51121009B;SFCW60307001B,6,33.3
4K86,材料,2,SFCW51025015B;SFCW51025003B,6,33.3
4K86,製程,2,SFCW60213004B;SFCW60206002B,6,33.3
4K91,其他,2,SFCW51205003B;SFCW51013002B,2,100.0
4K93,製程,1,SFCW51017001B,1,100.0
4K94,作業,5,SFCW51013001B;SFCW60319038B;SFCW60123007F;SFCW51211023B;SFCW60131003F,7,71.4
4K94,製程,2,SFCW51012005B;SFCW51015029B,7,28.6
4L020,作業,2,SFCW60121005F;SFCW51120004F,2,100.0
4L38,材料,1,SFCW50920005B,1,100.0
4M13,製程,1,SFCW60518006D,1,100.0
4N02,設計,4,SFCQ51013001C;SFCQ51011002C;SFCQ51014002C;SFCQ51012001C,8,50.0
4N02,其他,2,SFCQ50927001C;SFCW51015003D,8,25.0
4N02,製程,2,SFCQ50929002C;SFCW60227002D,8,25.0
4N04,其他,1,SFCW50920007B,1,100.0
4O12,作業,12,SFCW51219012F;SFCW60130004F;SFCW60125006F;SFCW51120009F;SFCW60124006F;SFCW51120001F;SFCW60108013F;SFCW51222003F;SFCW60109011F;SFCW60115008F;SFCW60316001D;SFCW51204003F,14,85.7
4O12,材料,1,SFCW60317003D,14,7.1
4O12,製程,1,SFCW60511002D,14,7.1
4P00,作業,7,SFCW51120003F;SFCW51218011F;SFCW51220002F;SFCW51113023F;SFCW51114015F;SFCW60106011F;SFCW51122004F,9,77.8
4P00,材料,2,SFCW60107015F;SFCW51113020F,9,22.2
4P03,材料,3,SFCW51113025F;SFCW51125011F;SFCW51121002F,6,50.0
4P03,作業,2,SFCW51124007F;SFCW51222005F,6,33.3
4P03,其他,1,SFCW50626013C,6,16.7
4P22,作業,1,SFCW51124003D,1,100.0
4Q12,作業,4,SFCQ51107002C;SFCQ51013003C;SFCQ51014004C;SFCQ60306002C,9,44.4
4Q12,材料,4,SFCQ51106002C;SFCQ51118001C;SFCQ51024004C;SFCQ51107003C,9,44.4
4Q12,製程,1,SFCQ51108001C,9,11.1
4Q42,作業,1,SFCW51125008F,1,100.0
4Q46,作業,1,SFCW51220004D,1,100.0
4S22,製程,1,SFCQ51021006C,1,100.0
4T006,其他,1,SFCW60423002D,1,100.0
4T012,製程,14,SFCW60314002D;SFCW60128005D;SFCW60226005D;SFCQ60225001D;SFCW60109001F;SFCW60515002D;SFCW60417002D;SFCW60514002D;SFCW60514004D;SFCW51228001D;SFCW60107001D;SFCW60512001D;SFCW60224006D;SFCW60511004D,34,41.2
4T012,作業,12,SFCW51119011F;SFCW51114010F;SFCW51125003D;SFCW51106003D;SFCW51221006F;SFCW60313002D;SFCW60105007F;SFCW60108001F;SFCW60320001D;SFCW60124001D;SFCW51112002F;SFCW51122006F,34,35.3
4T012,材料,6,SFCW60106009F;SFCW51204005D;SFCW51119002F;SFCW60110005F;SFCW51223004D;SFCW50919003D,34,17.6
4T012,其他,2,SFCW50923001D;SFCW51113004D,34,5.9
4T017,材料,2,SFCW51218002F;SFCW51124004F,3,66.7
4T017,其他,1,SFCW60330003G,3,33.3
4TT01,作業,2,SFCW60327002D;SFCW60416004D,3,66.7
4TT01,製程,1,SFCW60520005D,3,33.3
4TT02,製程,1,SFCW60208001D,1,100.0
4TT06,其他,1,SFCW60305003D,1,100.0
4TT37,作業,3,SFCW60513003D;SFCW60518007D;SFCW60427001D,3,100.0
4U003,其他,2,SFCW60303003D;SFCW60507001D,4,50.0
4U003,作業,1,SFCW60306006D,4,25.0
4U003,材料,1,SFCW60114004G,4,25.0
4U18,作業,1,SFCW60125004F,1,100.0
4U26,材料,2,SFCQ51119001E;SFCW51201011E,6,33.3
4U26,製程,2,SFCW60427003D;SFCW60318005D,6,33.3
4U26,作業,1,SFCW51228003D,6,16.7
4U26,其他,1,SFCW50611003C,6,16.7
4W005,作業,6,SFCW60113011F;SFCW51226002F;SFCW60105004F;SFCW51226001F;SFCW51221001F;SFCW51230002F,8,75.0
4W005,其他,1,SFCW51202004G,8,12.5
4W005,材料,1,SFCW51110001E,8,12.5
4W25,作業,3,SFCW60127008F;SFCW60114007G;SFCW60117006F,3,100.0
4Z09,製程,1,SFCW50923003D,1,100.0
4ZA13,作業,1,SFCW50910001D,1,100.0
4ZA37,作業,1,SFCW51224007F,1,100.0
4ZA41,作業,10,SFCW60428002D;SFCW51225004F;SFCW51115022F;SFCW60112002F;SFCW60112004F;SFCW51208001F;SFCW60323001D;SFCW60103001F;SFCW51119014F;SFCW60110007F,20,50.0
4ZA41,材料,4,SFCW60129002D;SFCW60128002D;SFCW60106010F;SFCW51113026F,20,20.0
4ZA41,其他,3,SFCW60508002D;SFCW60110010F;SFCW50919005D,20,15.0
4ZA41,製程,3,SFCW60324003D;SFCW60325004D;SFCW51204004D,20,15.0
5M02,其他,1,SFCW60211001D,1,100.0
6A00,材料,1,SFCW51223007B,1,100.0
6A01,作業,22,SFCW51113022B;SFCW60322003D;SFCW51015008B;SFCW51010001D;SFCW50730024B;SFCW51204004B;SFCW60326041B;SFCW51120001D;SFCW60221004F;SFCW51023032B;SFCW50925002D;SFCW60204007D;SFCW50506010B;SFCW51119004D;SFCW51218003B;SFCW50722017B;SFCW50610008B;SFCW60402002B;SFCW50603015B;SFCW51104014B;SFCW60401008B;SFCW60401012B,37,59.5
6A01,其他,8,SFCW51119033B;SFCW51209004B;SFCW50912013B;SFCW51227005F;SFCW51203001B;SFCW60326040B;SFCW51120002B;SFCW50730024B,37,21.6
6A01,材料,4,SFCW60312003D;SFCQ51126001B;SFCW50702003B;SFCW50701016B,37,10.8
6A01,製程,3,SFCW51218004F;SFCW60202003D;SFCW60226004D,37,8.1
6A02,作業,4,SFCW50709016B;SFCW508120-3B;SFCW50924005B;SFCW51218016B,6,66.7
6A02,材料,2,SFCW51129002E;SFCW50908015B,6,33.3
6A03,作業,8,SFCW51127003B;SFCW50926004D;SFCW60205011B;SFCW50904001B;SFCW50921002D;SFCW51016006B;SFCQ51009003C;SFCW60326026B,15,53.3
6A03,材料,6,SFCW50605014B;SFCW51022014B;SFCW60129006B;SFCW51022015B;SFCW50704004B;SFCW50703002B,15,40.0
6A03,其他,1,SFCW60326024B,15,6.7
6A04,作業,15,SFCW60318015B;SFCW60125001D;SFCW60211002D;SFCW60310002D;SFCW60409007B;SFCW60105003D;SFCW60325002B;SFCW60326037B;SFCW60107003D;SFCQ51020002C;SFCW60107010B;SFCW50922004D;SFCW60227005D;SFCW51113006B;SFCW60115005D,29,51.7
6A04,其他,9,SFCW50529023B;SFCW51119017B;SFCQ51113001D;SFCW60312014B;SFCW50730019B;SFCW51204007B;SFCW51119015B;SFCW51224016B;SFCW51203006B,29,31.0
6A04,製程,4,SFCW51117003D;SFCW60422008D;SFCW50819010D;SFCW51223003D,29,13.8
6A04,材料,1,SFCW60108001D,29,3.4
6A05,作業,7,SFCW50609011B;SFCW51216013B;SFCW50608002B;SFCW51013006B;SFCW51203017B;SFCW51030028B;SFCW51216010B,8,87.5
6A05,材料,1,SFCW50708017B,8,12.5
6A06,材料,2,SFCW50714003B;SFCW60129010B,3,66.7
6A06,作業,1,SFCW50612008B,3,33.3
6A07,作業,26,SFCW51029007B;SFCW51117006B;SFCW60319032B;SFCW60312010B;SFCW60205014B;SFCW60305010B;SFCW41228009B;SFCW60224012F;SFCW60411003D;SFCW50915006B;SFCW51106037B;SFCW60511002B;SFCW50807008B;SFCW60205015B;SFCW51211015B;SFCW51106019B;SFCW60224011F;SFCW60305003B;SFCW51119024B;SFCW60121010B;SFCW50903009B;SFCW51106011B;SFCW51211019B;SFCW50424014B;SFCW60319025B;SFCW50826012B,43,60.5
6A07,其他,6,SFCW60416010B;SFCW50401012B;SFCW50913001F;SFCW50730019B;SFCW51104023B;SFCW51022016B,43,14.0
6A07,材料,4,SFCW51030029B;SFCW50930001B;SFCW51207001B;SFCW50806011B,43,9.3
6A07,製程,4,SFCW51211012B;SFCW60129018B;SFCW51204005B;SFCW60129019B,43,9.3
6A07,設計,3,SFCW51106031B;SFCW60108005B;SFCW50913002F,43,7.0
6A09,材料,4,SFCW51202002B;SFCW51015019B;SFCW51106029B;SFCW51113028B,10,40.0
6A09,其他,2,SFCW51127006B;SFCW51204006B,10,20.0
6A09,製程,2,SFCQ60417001D;SFCW60416002D,10,20.0
6A09,作業,1,SFCW51121003B,10,10.0
6A09,設計,1,SFCW60325019B,10,10.0
6A11,作業,22,SFCW60110003B;SFCW50724019B;SFCW51120028B;SFCW50612024B;SFCW51225013B;SFCW51224007B;SFCW60311001B;SFCW51227002B;SFCW51002006B;SFCW51017005B;SFCW51105010B;SFCW60121006B;SFCW50621004B;SFCW50621003B;SFCW60326023B;SFCW51023025B;SFCW50904035B;SFCW50819007B;SFCW51202010B;SFCW50918005B;SFCW50821038B;SFCW50924011B,26,84.6
6A11,其他,2,SFCW51110006B;SFCW50626028B,26,7.7
6A11,材料,2,SFCW50814023B;SFCW51202011B,26,7.7
6A12,作業,2,SFCW60317002B;SFCW50918011B,2,100.0
6A15,材料,3,SFCW50918006B;SFCQ51022001B;SFCW51030018B,5,60.0
6A15,作業,1,SFCW51111006B,5,20.0
6A15,其他,1,SFCW51111010B,5,20.0
6A16,材料,2,SFCW60325004B;SFCW50730025B,2,100.0
6A17,材料,7,SFCW50724006B;SFCW51028010B;SFCW60305017B;SFCW51225006B;SFCW50804003B;SFCW51203010B;SFCW51120036B,11,63.6
6A17,作業,2,SFCW60511003B;SFCW51217004B,11,18.2
6A17,其他,1,SFCW51017016B,11,9.1
6A17,製程,1,SFCQ51028001B,11,9.1
6A18,作業,3,SFCW51227006B;SFCW51127004B;SFCW50821034B,10,30.0
6A18,製程,3,SFCW60420003D;SFCW60428004D;SFCW51120024B,10,30.0
6A18,其他,2,SFCW60326042B;SFCW51105004B,10,20.0
6A18,材料,2,SFCW51023024B;SFCW50807009B,10,20.0
6A19,作業,2,SFCW50923002D;SFCW50814025B,6,33.3
6A19,其他,2,SFCW50916005D;SFCW51112009B,6,33.3
6A19,材料,2,SFCW60410004B;SFCW50807006B,6,33.3
6A20,其他,7,SFCQ50914001B;SFCW51123002B;SFCW51106001B;SFCW60402008B;SFCW50730022B;SFCW60402001B;SFCW51119016B,18,38.9
6A20,材料,6,SFCW50913010B;SFCW51113023B;SFCW51104024B;SFCW51007003B;SFCW51104022B;SFCW51111005B,18,33.3
6A20,作業,3,SFCW50731030B;SFCW51104009B;SFCW60319033B,18,16.7
6A20,製程,2,SFCW60423015B;SFCW51001013B,18,11.1
6A21,作業,4,SFCW51119006B;SFCW51110001B;SFCW51030015B;SFCW60322005D,5,80.0
6A21,其他,1,SFCW51211007B,5,20.0
6A22,材料,7,SFCW51123005B;SFCW51121002B;SFCW51113028F;SFCW51215007B;SFCW51203022B;SFCW50715002B;SFCW60205010B,8,87.5
6A22,作業,1,SFCW51113004B,8,12.5
6A23,作業,4,SFCW60326009B;SFCW50913006F;SFCW51117004B;SFCW51224015B,7,57.1
6A23,材料,2,SFCW50323006B;SFCW50909003F,7,28.6
6A23,其他,1,SFCW51217003B,7,14.3
6A24,其他,27,SFCW50708010B;SFCQ51108001B;SFCW51015017B;SFCW50923007B;SFCW51105002B;SFCW51007002B;SFCW51117005B;SFCW50625030B;SFCQ60213001B;SFCW50722019B;SFCW51227005B;SFCW51106053B;SFCW50717031B;SFCW51119020B;SFCW60311004B;SFCW50718006B;SFCW60317005B;SFCW50815011B;SFCW50924001B;SFCQ60115002B;SFCW50912016B;SFCW50905004B;SFCW51015013B;SFCW51112003B;SFCW60202001B;SFCW51009006B;SFCW50911006B,41,65.9
6A24,材料,9,SFCQ50923001B;SFCW60205016B;SFCW50710005B;SFCW51217007B;SFCW50805017B;SFCW50929004B;SFCW51224019B;SFCW60212012B;SFCW51007001B,41,22.0
6A24,製程,3,SFCQ51113001B;SFCW51224018B;SFCW50917012B,41,7.3
6A24,作業,2,SFCW50805020B;SFCW51120027B,41,4.9
6A25,材料,1,SFCW51223002D,1,100.0
6A26,作業,2,SFCW60319005D;SFCQ60320001D,3,66.7
6A26,材料,1,SFCW50606006D,3,33.3
6A35,材料,4,SFCW60305023B;SFCQ50929006C;SFCQ50920004C;SFCQ50922004C,4,100.0
6A91,作業,13,SFCW60312025B;SFCW60409012B;SFCW60325005B;SFCW60408004B;SFCW60319011B;SFCW60312021B;SFCW51111015B;SFCW51201010B;SFCW50522023B;SFCW50529003B;SFCW51225023B;SFCW60319048B;SFCW51225024B,17,76.5
6A91,材料,2,SFCW51120034B;SFCW60129009B,17,11.8
6A91,其他,1,SFCW51030016B,17,5.9
6A91,製程,1,SFCW50807006B,17,5.9
6A92,作業,1,SFCW60305012B,3,33.3
6A92,其他,1,SFCW51114008B,3,33.3
6A92,材料,1,SFCW51030013B,3,33.3
6A93,作業,7,SFCW60521006B;SFCW60409018B;SFCW51023029B;SFCW50929006B;SFCW51209005B;SFCW60401007B;SFCW60401004B,8,87.5
6A93,材料,1,SFCW51030025B,8,12.5
6A94,作業,4,SFCW51105006B;SFCW50911008B;SFCW60210001B;SFCW50703001B,8,50.0
6A94,材料,3,SFCW51127007B;SFCW50908017B;SFCW51114004B,8,37.5
6A94,其他,1,SFCW60212009B,8,12.5
6A95,作業,3,SFCW51113007B;SFCW60210003B;SFCW60401011B,4,75.0
6A95,材料,1,SFCW51120003B,4,25.0
6A96,作業,2,SFCW50821002B;SFCW51023035B,2,100.0
6A97,作業,5,SFCW50701017B;SFCW51119026B;SFCW60416001B;SFCW60122008B;SFCW60318013B,6,83.3
6A97,製程,1,SFCW60327002B,6,16.7
6A98,作業,1,SFCW60312008B,2,50.0
6A98,材料,1,SFCW60319004B,2,50.0
6A99,作業,3,SFCW60521007B;SFCW51204018B;SFCW60114007B,3,100.0
6B01,材料,3,SFCW50609015B;SFCW50926001B;SFCW50717027B,6,50.0
6B01,作業,2,SFCW50625036B;SFCW51107003D,6,33.3
6B01,製程,1,SFCW51022017B,6,16.7
6B02,作業,3,SFCW50827010B;SFCW50731019B;SFCW50902013B,5,60.0
6B02,材料,2,SFCW50531002B;SFCW50724002B,5,40.0
6B03,作業,7,SFCW50506009B;SFCW50805002B;SFCW50522044B;SFCW60331001D;SFCW51106038B;SFCW51202020B;SFCW50725002B,12,58.3
6B03,材料,4,SFCW51022013B;SFCW51115001C;SFCW51225003F;SFCW50515028B,12,33.3
6B03,其他,1,SFCW50827008B,12,8.3
6B04,材料,17,SFCW51113013F;SFCW60418004F;SFCW50826008B;SFCW60419006F;SFCW51113014F;SFCW51113011F;SFCW60221008F;SFCW51113015F;SFCW60419002F;SFCW51113012F;SFCW51113016F;SFCW60420006F;SFCW51209018B;SFCW51209014B;SFCW51113021F;SFCW51113008F;SFCW60224010F,17,100.0
6B05,作業,4,SFCW51209016B;SFCW51110003B;SFCW51022007B;SFCW60416033B,8,50.0
6B05,材料,3,SFCW51129001E;SFCW60423010B;SFCW51216008B,8,37.5
6B05,其他,1,SFCW51201001B,8,12.5
6B06,作業,8,SFCW50619010B;SFCW50715013B;SFCW50814024B;SFCW51008011B;SFCW50910005B;SFCW51106039B;SFCW51202003G;SFCW60304003B,10,80.0
6B06,材料,2,SFCW50912004B;SFCW50414035B,10,20.0
6B07,作業,16,SFCW60305004B;SFCW50702013B;SFCW50609012B;SFCW50926008B;SFCW50619016B;SFCW50619014B;SFCW50715019B;SFCW50722013B;SFCW60305014B;SFCW60317003B;SFCW60129023B;SFCW50522013B;SFCW51002014B;SFCQ51107004C;SFCW50714012B;SFCW50430001B,29,55.2
6B07,材料,10,SFCW50929005B;SFCW50708019B;SFCW60416022B;SFCW50321017B;SFCW51022012B;SFCW50930002B;SFCW50804004B;SFCW60325018B;SFCW50913003B;SFCQ50912001B,29,34.5
6B07,其他,1,SFCW50910002B,29,3.4
6B07,製程,1,SFCW50714008B,29,3.4
6B07,設計,1,SFCW50910001B,29,3.4
6B08,其他,1,SFCW50603018B,1,100.0
6B09,材料,1,SFCW50530013B,1,100.0
6B10,材料,1,SFCW51210027B,1,100.0
6B11,作業,3,SFCW60319015B;SFCW60311011B;SFCW60312035B,4,75.0
6B11,材料,1,SFCW60409013B,4,25.0
6B12,作業,10,SFCW50626024B;SFCW51225020B;SFCW60401009B;SFCW50520011B;SFCW60423012B;SFCW51224010B;SFCW51017009B;SFCW60514009B;SFCW50702001B;SFCW51017010B,13,76.9
6B12,其他,2,SFCW50323005B;SFCW50716013B,13,15.4
6B12,材料,1,SFCW51119012B,13,7.7
6B13,作業,1,SFCW50514005B,2,50.0
6B13,材料,1,SFCW50529031B,2,50.0
6B14,作業,16,SFCQ51023006C;SFCW51202006B;SFCW50717001B;SFCW51106045B;SFCW60318017B;SFCW60312034B;SFCW60318019B;SFCW51111013B;SFCW50926011B;SFCW60428004B;SFCW51111017B;SFCW50903003B;SFCW51029006B;SFCW51210007B;SFCW51106003B;SFCW50911005B,20,80.0
6B14,材料,2,SFCW50908001B;SFCW51215009B,20,10.0
6B14,製程,2,SFCW60108014B;SFCW51128005B,20,10.0
6B15,作業,1,SFCW50926015B,1,100.0
6B16,作業,11,SFCW60416019B;SFCW50913006B;SFCW51119003B;SFCW51119004B;SFCW50923004B;SFCW60318002D;SFCW50911013B;SFCW50718001B;SFCW51119008B;SFCW60318016B;SFCW60124003D,11,100.0
6B17,作業,7,SFCW50322017B;SFCW50813023B;SFCW50904030B;SFCW60424003B;SFCW60304001B;SFCW60514004B;SFCW51124012B,10,70.0
6B17,材料,2,SFCW50428011B;SFCW51024003B,10,20.0
6B17,設計,1,SFCW50718007B,10,10.0
6B18,材料,6,SFCQ51012001B;SFCQ51017002B;SFCW50626003B;SFCW51220006B;SFCW51204008B;SFCW51024002B,8,75.0
6B18,作業,2,SFCW50522003B;SFCW50905002B,8,25.0
6B19,材料,3,SFCW50724005B;SFCW60330008B;SFCW51113020B,4,75.0
6B19,作業,1,SFCW50915008B,4,25.0
6B20,其他,1,SFCW60516002D,2,50.0
6B20,材料,1,SFCW50625010B,2,50.0
6B21,材料,2,SFCW60318004B;SFCW51202030B,3,66.7
6B21,作業,1,SFCW51217015B,3,33.3
6B23,材料,10,SFCW51217006B;SFCW60305008B;SFCW60415004D;SFCW60402019B;SFCW50913009B;SFCW50915009B;SFCQ50910001B;SFCW60319002B;SFCW51105013B;SFCW51028009B,19,52.6
6B23,作業,8,SFCW60129027B;SFCQ51017002C;SFCW51202031B;SFCW51129003E;SFCW60310006B;SFCW60312009B;SFCW51001004B;SFCW50622004B,19,42.1
6B23,設計,1,SFCW50626014B,19,5.3
6B24,作業,7,SFCW50911016B;SFCW51124007B;SFCW50417006B;SFCW51224005B;SFCW60409004B;SFCW50917009B;SFCW60309005D,11,63.6
6B24,材料,2,SFCW60316004B;SFCW51030017B,11,18.2
6B24,製程,2,SFCW50911015B;SFCW60115007B,11,18.2
6B25,作業,3,SFCW50522029B;SFCW60318020B;SFCW60416011B,4,75.0
6B25,材料,1,SFCW60330001B,4,25.0
6B26,作業,3,SFCW60116001D;SFCW51017007B;SFCW51124009B,4,75.0
6B26,材料,1,SFCQ51020005C,4,25.0
6B28,作業,6,SFCW51203003B;SFCW50908016B;SFCW51015004B;SFCW50804006B;SFCW51218005B;SFCW51008008B,8,75.0
6B28,材料,1,SFCW50402034B,8,12.5
6B28,製程,1,SFCW60115008B,8,12.5
6B31,其他,1,SFCW51106021B,2,50.0
6B31,材料,1,SFCW51113005D,2,50.0
6B32,材料,4,SFCW51126007B;SFCW51120019B;SFCW50422014B;SFCW51216006B,4,100.0
6B34,作業,7,SFCW51002009B;SFCW60409002B;SFCW60321006D;SFCW60121009B;SFCW60409003B;SFCW51225014B;SFCW51222004B,8,87.5
6B34,材料,1,SFCW51215003B,8,12.5
6B35,作業,14,SFCW60114003B;SFCW51002022B;SFCW60107011B;SFCW51201009B;SFCW51111009B;SFCW50414002B;SFCW60319007B;SFCW60326006B;SFCW60312015B;SFCW60305005B;SFCW60514013B;SFCW60318003D;SFCW60319009B;SFCW60319005B,21,66.7
6B35,材料,5,SFCW51112004B;SFCW60320004D;SFCW60319007D;SFCW50423013B;SFCW51112013B,21,23.8
6B35,其他,2,SFCW51029010B;SFCW50903011B,21,9.5
6B36,作業,16,SFCW60402006B;SFCW50904014B;SFCW60409005B;SFCW60326033B;SFCW51002018B;SFCW60415006B;SFCW60305002B;SFCW60122015B;SFCW51113031B;SFCW51210024B;SFCW50923005B;SFCW60422002B;SFCW51023022B;SFCW51015001B;SFCW507240-6B;SFCW50327005B,24,66.7
6B36,其他,4,SFCW51112008B;SFCW50923010B;SFCW60107016B;SFCW51008027B,24,16.7
6B36,材料,2,SFCW60416032B;SFCW50911002B,24,8.3
6B36,製程,1,SFCW51217014B,24,4.2
6B36,設計,1,SFCW50402026B,24,4.2
6B37,其他,1,SFCW60402005B,1,100.0
6B39,材料,2,SFCW60318006B;SFCW50722010B,3,66.7
6B39,作業,1,SFCW60115016B,3,33.3
6B41,材料,1,SFCW50827005B,1,100.0
6B42,材料,2,SFCW50412015B;SFCW50807006B,2,100.0
6B91,作業,4,SFCW51106035B;SFCW60113004B;SFCW51022009B;SFCW60311002B,5,80.0
6B91,材料,1,SFCW50730017B,5,20.0
6B92,材料,2,SFCW51202028B;SFCW50409017B,3,66.7
6B92,作業,1,SFCW60409014B,3,33.3
6B93,作業,4,SFCW60305009B;SFCW50708006B;SFCW50811016B;SFCW50622002B,5,80.0
6B93,材料,1,SFCW60326035B,5,20.0
6B94,作業,4,SFCW60129008B;SFCW51104015B;SFCW60122013B;SFCW60319021B,6,66.7
6B94,材料,2,SFCW51016004B;SFCW60224008F,6,33.3
6B97,作業,4,SFCW51225012B;SFCW51120011B;SFCW51113019B;SFCW51120039B,5,80.0
6B97,製程,1,SFCW50730019B,5,20.0
6B98,設計,2,SFCQ50915003C;SFCQ50915005C,3,66.7
6B98,作業,1,SFCQ50912002C,3,33.3
6B99,作業,3,SFCW60129001D;SFCW51106042B;SFCW60424004B,3,100.0
6C01,作業,6,SFCW50528013B;SFCW51112011B;SFCW50705003B;SFCW51201004E;SFCW51124005B;SFCW50731020B,9,66.7
6C01,材料,3,SFCW50422015B;SFCW50807025B;SFCW50724004B,9,33.3
6C02,材料,45,SFCW51107004D;SFCW60420005F;SFCQ51030001E;SFCW60409001D;SFCW51114001F;SFCW50903010B;SFCW51113004F;SFCW51218014F;SFCW51218016F;SFCW51222002F;SFCQ51113001E;SFCW60418003F;SFCW51201001E;SFCQ50910004C;SFCQ51008001E;SFCQ50913002C;SFCW51210012B;SFCW51115019F;SFCQ51031001E;SFCQ60115001D;SFCQ51114001E;SFCQ50920003C;SFCQ50926002C;SFCW60420004F;SFCQ50919002C;SFCQ50913001E;SFCQ50923001E;SFCQ50923002C;SFCQ51010001E;SFCW51113017F;SFCW60221005F;SFCQ50917004C;SFCW60221007F;SFCW51223005F;SFCW60419003F;SFCQ51023007C;SFCQ50930001C;SFCW60419007F;SFCW60418001F;SFCQ51010008C;SFCQ50913003C;SFCW51203007B;SFCQ51017004C;SFCQ50912001C;SFCQ50924001C,48,93.8
6C02,作業,2,SFCW51219002D;SFCQ51027002C,48,4.2
6C02,其他,1,SFCW50913007B,48,2.1
6C03,材料,7,SFCW51210011B;SFCW60104006B;SFCW50924002B;SFCW50814013B;SFCW60409017B;SFCW51210013B;SFCW51202021B,13,53.8
6C03,作業,5,SFCW50807026B;SFCW51218015B;SFCW51210014B;SFCW51008007B;SFCW51210034B,13,38.5
6C03,其他,1,SFCW60210004B,13,7.7
6C04,作業,42,SFCW51215010B;SFCW60206001D;SFCW60423005D;SFCW60326011B;SFCW51027004D;SFCW51128004D;SFCW50915003D;SFCW60115013B;SFCW60320005D;SFCW60323003D;SFCW51209017B;SFCW60128006D;SFCW60303001D;SFCW51114002D;SFCW51113008B;SFCW60227003D;SFCW60115010B;SFCW51028004B;SFCW60224003D;SFCW60211004D;SFCW60106003D;SFCW50917014B;SFCW60106004D;SFCW60416020B;SFCW60325001D;SFCW51118002D;SFCW60518009D;SFCW51120010B;SFCW51218008B;SFCW60317002D;SFCW60314001D;SFCW51212002D;SFCW60204005D;SFCW51128003D;SFCW60325002D;SFCW50820009B;SFCW60112001D;SFCW51211001D;SFCW60326007B;SFCW60224004D;SFCW60115015B;SFCW60422005D,71,59.2
6C04,材料,19,SFCW60411002D;SFCW51113003B;SFCW51119019B;SFCW51120038B;SFCW60409006B;SFCW50620017B;SFCW50918004B;SFCW60416037B;SFCW51015030B;SFCW50507015B;SFCW51210009B;SFCW51022018B;SFCW50528014B;SFCW60202001D;SFCW51124008B;SFCW51119018B;SFCW51201005E;SFCW50903006B;SFCW60423003D,71,26.8
6C04,其他,4,SFCW60206003D;SFCW51008028B;SFCW50913008B;SFCW50923012B,71,5.6
6C04,製程,4,SFCW51223006D;SFCW51107006D;SFCW51224002D;SFCW60225003D,71,5.6
6C04,設計,2,SFCW50401015B;SFCW50702014B,71,2.8
6C05,作業,3,SFCW51227004D;SFCW50530001B;SFCW60225005D,6,50.0
6C05,材料,2,SFCW50821039B;SFCW60415007B,6,33.3
6C05,設計,1,SFCW50509001B,6,16.7
6C06,作業,2,SFCW60423003B;SFCW50911025B,5,40.0
6C06,其他,1,SFCW50626011B,5,20.0
6C06,材料,1,SFCW51217008B,5,20.0
6C06,製程,1,SFCW60423001B,5,20.0
6C10,材料,2,SFCQ51118001E;SFCW50929002B,2,100.0
6C11,作業,3,SFCW50507012B;SFCW50513004B;SFCW50611031B,4,75.0
6C11,材料,1,SFCW60511014B,4,25.0
6C12,作業,2,SFCW60424001B;SFCW50912003B,4,50.0
6C12,材料,2,SFCW50327004B;SFCW51114006B,4,50.0
6C14,作業,3,SFCW50520010B;SFCW51105017B;SFCW50912009B,4,75.0
6C14,材料,1,SFCW60325003D,4,25.0
6C15,材料,2,SFCQ51108001E;SFCW51111007B,2,100.0
6C16,材料,2,SFCW51223003B;SFCW51106002B,2,100.0
6C17,材料,4,SFCW51123003B;SFCW50902004D;SFCW50714015B;SFCW51125004B,4,100.0
6C18,材料,3,SFCW60107008B;SFCW50703003B;SFCW51111008B,4,75.0
6C18,作業,1,SFCW51015011B,4,25.0
6C19,材料,2,SFCW51123001B;SFCW51030014B,2,100.0
6C20,材料,6,SFCW50801001B;SFCW51120018B;SFCW50807014B;SFCW50730020B;SFCW50803003B;SFCW60129021B,6,100.0
6C21,材料,1,SFCQ51125002B,1,100.0
6C22,材料,4,SFCQ51106001B;SFCW51105020B;SFCW51114005B;SFCW50522030B,6,66.7
6C22,作業,1,SFCW50726001B,6,16.7
6C22,製程,1,SFCW60416036B,6,16.7
6C23,材料,5,SFCW50612019B;SFCW51031005B;SFCQ51014001C;SFCQ51015002C;SFCW51118007B,5,100.0
6C24,作業,1,SFCW51201009E,2,50.0
6C24,材料,1,SFCW51224020B,2,50.0
6C25,作業,1,SFCW51106005B,1,100.0
6C91,作業,48,SFCQ51030002C;SFCW60521005B;SFCW60428007B;SFCQ51028001C;SFCQ51110001C;SFCW60319003B;SFCW60319045B;SFCW50911026B;SFCW60319014B;SFCQ51106001C;SFCW60326012B;SFCW50724006B;SFCW50714023B;SFCQ51124001C;SFCW60319034B;SFCW50807019B;SFCQ51018001C;SFCW50925005B;SFCQ51114001C;SFCQ51104001C;SFCW50424016B;SFCW60129028B;SFCQ51111001C;SFCW51113014B;SFCQ51030001C;SFCW51211017B;SFCQ51029002C;SFCW60422010B;SFCW50522016B;SFCW60422005B;SFCQ51125001C;SFCW51108010B;SFCW60423006B;SFCQ51029001C;SFCQ51010006C;SFCW60326013B;SFCW51204009B;SFCW60511013B;SFCW50926013B;SFCW60326025B;SFCW60423004B;SFCQ51119001C;SFCW60305015B;SFCW51002015B;SFCW51106034B;SFCW60403001B;SFCW51023036B;SFCW60428011B,61,78.7
6C91,其他,5,SFCW60121008B;SFCW60319040B;SFCW60421001D;SFCW60409010B;SFCW50724003B,61,8.2
6C91,製程,5,SFCW50819002D;SFCW60304006B;SFCW60304002B;SFCQ50910002B;SFCW60326036B,61,8.2
6C91,材料,3,SFCQ51107001C;SFCQ51125001B;SFCW50623032B,61,4.9
6C92,作業,8,SFCW51201003B;SFCW60114006B;SFCW50610009B;SFCW50625013B;SFCW50424013B;SFCW51211010B;SFCW60312011B;SFCW50926007B,14,57.1
6C92,其他,3,SFCW60305006B;SFCW50619006B;SFCW50321027B,14,21.4
6C92,材料,3,SFCW60312016B;SFCW50929007B;SFCW50913005B,14,21.4
6C93,作業,10,SFCW50612013B;SFCW60319022B;SFCQ50909003C;SFCW50912007B;SFCW60311015B;SFCW51125011B;SFCW51117004D;SFCQ50910002C;SFCW60128004B;SFCW51027001D,15,66.7
6C93,材料,3,SFCW51111003B;SFCW51123004B;SFCQ51017006C,15,20.0
6C93,其他,2,SFCW51104004B;SFCW50321028B,15,13.3
6C94,材料,1,SFCW51015003B,1,100.0
6C95,其他,1,SFCW60212007B,1,100.0
6C96,作業,2,SFCW50904034B;SFCW51113009B,4,50.0
6C96,材料,1,SFCW51201006B,4,25.0
6C96,製程,1,SFCW50506003B,4,25.0
6C97,作業,13,SFCW51211001B;SFCW50912010B;SFCW60322001D;SFCQ50910003C;SFCW50724001B;SFCW60212011B;SFCW51219004B;SFCW51113016B;SFCW50813030B;SFCW60205017B;SFCQ50918003C;SFCW50821042B;SFCW60108013B,19,68.4
6C97,材料,4,SFCW50819002B;SFCW60326038B;SFCW60305020B;SFCW50911011B,19,21.1
6C97,其他,1,SFCW60319027B,19,5.3
6C97,製程,1,SFCW60119002D,19,5.3
6C98,作業,3,SFCW51128005D;SFCW60311014B;SFCW60311013B,4,75.0
6C98,材料,1,SFCW41227053B,4,25.0
6C99,作業,15,SFCW60122016B;SFCQ50918006C;SFCW60114008B;SFCQ50910004C;SFCQ50911002C;SFCW50813033B;SFCW60213001B;SFCW60305019B;SFCW60114009B;SFCW60304007B;SFCQ51125002C;SFCW51204011B;SFCQ50913001C;SFCQ50927001C;SFCW51202004B,17,88.2
6C99,製程,2,SFCW60128003B;SFCW60130001D,17,11.8
6H01,作業,2,SFCW51030027B;SFCW51023031B,2,100.0
6K01,作業,5,SFCW50612009B;SFCW50919002D;SFCW51224001D;SFCW51001002B;SFCW51202029B,9,55.6
6K01,材料,3,SFCW51127008B;SFCW50604038B;SFCW51210004B,9,33.3
6K01,其他,1,SFCW50912001B,9,11.1
6K02,作業,9,SFCW60129017B;SFCW50708007B;SFCW51219006B;SFCW51218017B;SFCW50514006B;SFCW51217005F;SFCW60129024B;SFCW51227003B;SFCW50925002B,15,60.0
6K02,材料,4,SFCW51125006B;SFCW60316002B;SFCW50924009B;SFCW60212008B,15,26.7
6K02,其他,1,SFCW51216004B,15,6.7
6K02,製程,1,SFCW51211018B,15,6.7
6K03,作業,3,SFCW60115003B;SFCW50619007B;SFCW50821004B,3,100.0
6K04,作業,1,SFCW51202027B,1,100.0
6K05,作業,4,SFCW51023027B;SFCW60326002B;SFCW50904033B;SFCW60416034B,5,80.0
6K05,材料,1,SFCW51222008F,5,20.0
6K06,作業,6,SFCW50926003B;SFCW50529005B;SFCW60305007B;SFCW60305013B;SFCW60401004D;SFCW50529041B,7,85.7
6K06,材料,1,SFCW51220002D,7,14.3
6K07,作業,42,SFCW51119010B;SFCW50619013B;SFCW60108015B;SFCW50926016B;SFCW60104007B;SFCW60416029B;SFCW60305011B;SFCW51211016B;SFCW50925004B;SFCW50821043B;SFCW51204013B;SFCW60319006B;SFCW51106051B;SFCW51225018B;SFCW60311007B;SFCW51113030B;SFCW51218010B;SFCW51105012B;SFCW50619031B;SFCW51023004B;SFCW60422004B;SFCW50705002B;SFCW60321004D;SFCW60401010B;SFCW60423009B;SFCW50828030B;SFCW51112006B;SFCW51119005B;SFCW51203002B;SFCW60416006B;SFCW50805001B;SFCW51008025B;SFCW50612052B;SFCW50925009B;SFCW60326018B;SFCW50415015B;SFCW50730021B;SFCW60409021B;SFCW60423007B;SFCW50926014B;SFCW60122009B;SFCW51112010B,61,68.9
6K07,材料,12,SFCW60107014B;SFCW60122007B;SFCW51008006B;SFCW51210035B;SFCW60424002B;SFCW50916001B;SFCW50729015B;SFCQ51119006C;SFCW60410002B;SFCQ60131001B;SFCW60518008D;SFCW60403003B,61,19.7
6K07,其他,5,SFCW60128005B;SFCW60514005B;SFCW60514008B;SFCW51104017B;SFCW50708002B,61,8.2
6K07,製程,2,SFCW51211014B;SFCW60115009B,61,3.3
6K08,作業,4,SFCW51023006B;SFCW60125004D;SFCW60125005D;SFCW60125002D,4,100.0
6K09,材料,1,SFCW51202016B,1,100.0
6K10,作業,5,SFCW60401001D;SFCW60424003D;SFCW50704010B;SFCW60511004B;SFCW50517015B,10,50.0
6K10,材料,2,SFCW50905020F;SFCW60326014B,10,20.0
6K10,設計,2,SFCW50918007B;SFCW51113002F,10,20.0
6K10,製程,1,SFCW50922001D,10,10.0
6K14,材料,1,SFCW51209013B,1,100.0
6K15,材料,1,SFCW60317004B,1,100.0
6K16,作業,1,SFCW51120016B,1,100.0
6K17,作業,1,SFCW50619034B,1,100.0
6L01,其他,3,SFCW51113018B;SFCW51030022B;SFCW51105019B,6,50.0
6L01,作業,2,SFCW60319047B;SFCW50730021B,6,33.3
6L01,製程,1,SFCW60319028B,6,16.7
6L02,材料,5,SFCQ51016001C;SFCQ51013004C;SFCQ51009001C;SFCQ50918005C;SFCQ50917003C,6,83.3
6L02,其他,1,SFCQ51011006C,6,16.7
6L03,材料,6,SFCQ51114001C;SFCW51113018F;SFCW51224002F;SFCW51114002F;SFCW60419001F;SFCW51107005D,8,75.0
6L03,作業,1,SFCW60326032B,8,12.5
6L03,其他,1,SFCW50904010B,8,12.5
6L04,材料,1,SFCW60221006F,1,100.0
6L05,作業,1,SFCW51225005D,1,100.0
6L06,材料,1,SFCW51225011B,1,100.0
6L07,材料,4,SFCW50603014B;SFCW60409011B;SFCW60410005B;SFCW51119022B,5,80.0
6L07,作業,1,SFCW60318018B,5,20.0
6L08,材料,5,SFCW60123005B;SFCW51008026B;SFCW51227007B;SFCW51002020B;SFCW50625024B,6,83.3
6L08,作業,1,SFCW60511011B,6,16.7
6L10,作業,2,SFCW60319019B;SFCW60521004B,4,50.0
6L10,製程,2,SFCW60327003B;SFCW51202017B,4,50.0
6L11,作業,1,SFCW51008024B,1,100.0
6L12,作業,1,SFCW60115001G,1,100.0
6L13,材料,2,SFCW60319041B;SFCW50715018B,2,100.0
6L15,材料,1,SFCW60318005B,1,100.0
6L16,作業,1,SFCW51202007B,2,50.0
6L16,其他,1,SFCW51111012B,2,50.0
6L17,作業,3,SFCW508120-2B;SFCW51225001B;SFCW51225004B,6,50.0
6L17,材料,3,SFCW51117007B;SFCW60408003B;SFCW50625025B,6,50.0
6L18,作業,6,SFCW51218007B;SFCW60416004B;SFCW60325007B;SFCW51028005B;SFCW60305018B;SFCW51008010B,11,54.5
6L18,其他,3,SFCW51218004B;SFCW51028008B;SFCW51201021B,11,27.3
6L18,材料,2,SFCW60330002B;SFCW51218009B,11,18.2
6L19,材料,1,SFCW51029007D,1,100.0
6L22,作業,1,SFCW51117002D,2,50.0
6L22,材料,1,SFCW60309004D,2,50.0
6L30,製程,1,SFCW51201008E,1,100.0
6L91,作業,7,SFCW51218006B;SFCW51124006B;SFCW51210023B;SFCW50826010B;SFCW60428008B;SFCW51210019B;SFCW51124019B,10,70.0
6L91,材料,2,SFCW51112007B;SFCW50923001B,10,20.0
6L91,其他,1,SFCW508120-1B,10,10.0
6L92,作業,2,SFCW60402017B;SFCW50401005B,2,100.0
6L93,其他,3,SFCW60319024B;SFCW51030004B;SFCW50625019B,7,42.9
6L93,作業,2,SFCW50626025B;SFCW50605009B,7,28.6
6L93,材料,1,SFCW50822006B,7,14.3
6L93,設計,1,SFCW50915005B,7,14.3
6L95,作業,1,SFCW50619025B,2,50.0
6L95,其他,1,SFCW60107013B,2,50.0
6L96,其他,1,SFCW60422007D,1,100.0
6L97,作業,1,SFCW51202003B,2,50.0
6L97,設計,1,SFCW50820004B,2,50.0
6L98,作業,1,SFCW60114014B,2,50.0
6L98,其他,1,SFCW50622001B,2,50.0
6L99,作業,1,SFCW51015005B,1,100.0
6M02,材料,1,SFCQ51030002E,1,100.0
6Q01,作業,7,SFCW51009003B;SFCW51104010B;SFCW60312020B;SFCW50612007B;SFCW51120031B;SFCW50604035B;SFCW51113026B,26,26.9
6Q01,材料,7,SFCW51203004B;SFCW51223004B;SFCW51223010B;SFCW51015027B;SFCW60514015B;SFCW50923011B;SFCW51223006B,26,26.9
6Q01,製程,7,SFCW51210008B;SFCW51202009B;SFCW51217011B;SFCW51210006B;SFCW50913003F;SFCW50925012B;SFCW60107007B,26,26.9
6Q01,其他,5,SFCW50926004B;SFCW60121007B;SFCW60514011B;SFCW51106041B;SFCW50715011B,26,19.2
6Q02,作業,2,SFCW50926002B;SFCW50820001B,4,50.0
6Q02,其他,1,SFCW50724007B,4,25.0
6Q02,材料,1,SFCW51217013B,4,25.0
6Q03,其他,3,SFCW60115004B;SFCW60319017B;SFCW51001005B,6,50.0
6Q03,材料,3,SFCW51015026B;SFCW50806010B;SFCW51023005B,6,50.0
6Q04,材料,2,SFCW51120020B;SFCW51209015B,3,66.7
6Q04,作業,1,SFCW51023028B,3,33.3
6Q05,材料,2,SFCW51216009B;SFCW51106020B,2,100.0
6Q07,作業,4,SFCW50702011B;SFCW50522014B;SFCW51008005B;SFCW51120021B,9,44.4
6Q07,材料,4,SFCW50805025B;SFCW50912017B;SFCW50912014B;SFCW60304004B,9,44.4
6Q07,其他,1,SFCW60422006D,9,11.1
6Q08,作業,3,SFCW50917002B;SFCW60121004D;SFCW50618033B,4,75.0
6Q08,材料,1,SFCW50926010B,4,25.0
6Q09,材料,1,SFCW50414007B,1,100.0
6Q10,其他,4,SFCW51119014B;SFCW51029011B;SFCW51104013B;SFCW60326039B,9,44.4
6Q10,作業,2,SFCW50811015B;SFCW51209001B,9,22.2
6Q10,材料,2,SFCW51215006B;SFCW51209003B,9,22.2
6Q10,製程,1,SFCW51224017B,9,11.1
6Q11,作業,4,SFCW50506002B;SFCW50612034B;SFCW51119025B;SFCW50605021B,8,50.0
6Q11,其他,2,SFCW60115018B;SFCW51111004B,8,25.0
6Q11,製程,2,SFCW50722001B;SFCW51224011B,8,25.0
6Q13,材料,1,SFCW60415005B,1,100.0
6Q14,材料,1,SFCW51209011B,1,100.0
6Q16,作業,2,SFCW60416007B;SFCW50529007B,4,50.0
6Q16,製程,2,SFCW51001009B;SFCW51015023B,4,50.0
6Q18,作業,1,SFCW51201005B,2,50.0
6Q18,材料,1,SFCW51113021B,2,50.0
6Q19,作業,2,SFCW50612010B;SFCW60312001B,3,66.7
6Q19,其他,1,SFCW60514002B,3,33.3
6Q20,作業,1,SFCW51030024B,1,100.0
6Q21,材料,5,SFCW51210015B;SFCW51217005B;SFCW50626020B;SFCW51120013B;SFCW51120001B,5,100.0
6Q23,作業,3,SFCW51011008B;SFCW51201004B;SFCW50626021B,3,100.0
6Q24,作業,1,SFCW51015006B,3,33.3
6Q24,其他,1,SFCW51203005B,3,33.3
6Q24,材料,1,SFCW50924003B,3,33.3
6Q25,作業,42,SFCQ51015001C;SFCW60511001B;SFCQ51016001C;SFCW60422008B;SFCQ50929005C;SFCW51201019B;SFCW50625007B;SFCW60319036B;SFCW60429001B;SFCW60305001B;SFCW60422003B;SFCW60409015B;SFCW51117003B;SFCQ51023001B;SFCW50428009B;SFCW51210030B;SFCW50805022B;SFCW60402004B;SFCW50703007B;SFCW60205008B;SFCW51203009B;SFCQ51104002C;SFCQ51011009C;SFCW60312012B;SFCW60511012B;SFCQ51101002C;SFCW60107009B;SFCW50715008B;SFCQ51024001B;SFCQ51011008C;SFCW60212004B;SFCQ51118002C;SFCQ51010001B;SFCQ51111005C;SFCW50808004B;SFCW60326010B;SFCQ51111002C;SFCQ51104004C;SFCW60402020B;SFCQ51004001C;SFCW50603004B;SFCW50731035B,52,80.8
6Q25,材料,7,SFCW60331002B;SFCW51201018B;SFCW50623005B;SFCW60331003B;SFCW51210016B;SFCW60305021B;SFCW51113002B,52,13.5
6Q25,製程,2,SFCW50918012B;SFCQ51011007C,52,3.8
6Q25,其他,1,SFCW51104002B,52,1.9
6Q27,作業,2,SFCW60115017B;SFCW60312013B,2,100.0
6Q28,作業,4,SFCW50805003B;SFCW50820002B;SFCW50929003B;SFCW51009002B,5,80.0
6Q28,材料,1,SFCW60415009B,5,20.0
6Q29,作業,9,SFCW60318008B;SFCW51213010B;SFCW51219010B;SFCW51119029B;SFCW60207006B;SFCW51227011B;SFCW51104008B;SFCW60207005B;SFCW51219009B,11,81.8
6Q29,其他,1,SFCW60114011B,11,9.1
6Q29,材料,1,SFCW51128003B,11,9.1
6Q31,材料,2,SFCW51219001B;SFCW51202008B,2,100.0
6Q32,材料,1,SFCW60312018B,1,100.0
6Q33,作業,3,SFCW60212005B;SFCW50414026B;SFCW51124003B,7,42.9
6Q33,其他,2,SFCW60107017B;SFCW60129022B,7,28.6
6Q33,材料,2,SFCW60129007B;SFCW51201002B,7,28.6
6Q34,製程,2,SFCW60126005D;SFCW60411004D,4,50.0
6Q34,其他,1,SFCW51029006D,4,25.0
6Q34,材料,1,SFCQ50922001D,4,25.0
6Q35,材料,1,SFCW50428010B,1,100.0
6Q38,材料,5,SFCW60123008B;SFCW60312017B;SFCW50724021B;SFCW60129026B;SFCW60202003B,7,71.4
6Q38,作業,2,SFCW60113005B;SFCW60123003B,7,28.6
6Q40,作業,4,SFCW51227004B;SFCW51118004B;SFCW50806002B;SFCW50724000B,12,33.3
6Q40,其他,4,SFCW50722018B;SFCW51123006B;SFCW51029009B;SFCW51002017B,12,33.3
6Q40,材料,4,SFCW60428009B;SFCW50922005B;SFCW51216003B;SFCW50918009B,12,33.3
6Q42,製程,2,SFCW51015012B;SFCW51106049B,2,100.0
6Q43,作業,1,SFCW60130001B,3,33.3
6Q43,材料,1,SFCW60312019B,3,33.3
6Q43,製程,1,SFCW51217001B,3,33.3
6Q91,作業,10,SFCW50731021B;SFCW50821040B;SFCW50715007B;SFCW60330003B;SFCW50514001B;SFCW50731022B;SFCW51120035B;SFCW50715016B;SFCW60416028B;SFCW50507017B,14,71.4
6Q91,材料,3,SFCW60129016B;SFCW60313001B;SFCW60129030B,14,21.4
6Q91,其他,1,SFCW60122011B,14,7.1
6Q92,作業,1,SFCW50814027B,1,100.0
6Q93,作業,3,SFCW50903002B;SFCW60129029B;SFCW50805004B,6,50.0
6Q93,材料,2,SFCW508070-2B;SFCW60129004B,6,33.3
6Q93,設計,1,SFCW50716012B,6,16.7
6Q94,作業,1,SFCW50806007B,1,100.0
6Q95,設計,1,SFCW50625033B,1,100.0
6Q96,材料,1,SFCW50513006B,1,100.0
6Q97,作業,3,SFCW50610022B;SFCW60122012B;SFCW50804007B,6,50.0
6Q97,材料,3,SFCW50506004B;SFCW50625022B;SFCW50625004B,6,50.0
6Q99,材料,2,SFCW50507016B;SFCW60113002B,3,66.7
6Q99,作業,1,SFCW50611035B,3,33.3
6U00,材料,2,SFCW51223008B;SFCW51223009B,2,100.0
6U01,作業,20,SFCW50819003B;SFCW60311005B;SFCW50715017B;SFCW60224005D;SFCW51119011B;SFCW50916002D;SFCW50715014B;SFCW60323002D;SFCW50611034B;SFCW50529012B;SFCW51124013B;SFCW51124004B;SFCW51106032B;SFCW60126003D;SFCW51016006D;SFCW60319012B;SFCW60414002D;SFCW50520014B;SFCW60408007B;SFCQ50918002C,36,55.6
6U01,材料,9,SFCW51113027F;SFCW60104003B;SFCW60402015B;SFCW51201003E;SFCW51223005B;SFCW51219001F;SFCW51018004B;SFCW51001010B;SFCW60311001F,36,25.0
6U01,製程,5,SFCW50917013B;SFCW50925010B;SFCW51001012B;SFCW60107012B;SFCW50915002D,36,13.9
6U01,其他,2,SFCW51106002D;SFCW60115014B,36,5.6
6U02,材料,8,SFCW51106050B;SFCW51008009B;SFCW60305004D;SFCQ51114001B;SFCW50903016B;SFCW60416018B;SFCW51008014B;SFCW51120025B,15,53.3
6U02,其他,4,SFCW50520001B;SFCW50902012B;SFCW60402007B;SFCW50828002B,15,26.7
6U02,作業,2,SFCW50903004B;SFCW50828001B,15,13.3
6U02,製程,1,SFCW51217012B,15,6.7
6U03,作業,3,SFCW50722012B;SFCW51225010B;SFCW51023026B,7,42.9
6U03,材料,3,SFCW50626004B;SFCW50912001D;SFCW50702012B,7,42.9
6U03,其他,1,SFCW50602004B,7,14.3
6U04,作業,48,SFCW51002008B;SFCW51216017B;SFCW51210020B;SFCW51013001F;SFCW60422001B;SFCW60416025B;SFCW51121001B;SFCW51022019B;SFCW50714017B;SFCW51211008B;SFCW50402027B;SFCW51203008B;SFCW60326021B;SFCW51215005B;SFCW50821006B;SFCW51202012B;SFCW51118006B;SFCW60511010B;SFCW60318012B;SFCW51120008B;SFCW51124016B;SFCW50819001B;SFCW51008020B;SFCW51119023B;SFCW51219005B;SFCW51022020B;SFCW60419005F;SFCW60311008B;SFCW51001003B;SFCW60311003B;SFCW60113001B;SFCW60521003B;SFCW50619011B;SFCW60321002D;SFCW60319018B;SFCW60108012B;SFCW60403002B;SFCW508070-1B;SFCW51210029B;SFCW50731033B;SFCW51015021B;SFCW50731017B;SFCW51201008B;SFCW60511006B;SFCW60511007B;SFCW51225016B;SFCW60326027B;SFCW60521001B,97,49.5
6U04,材料,30,SFCW60402003B;SFCW60326001B;SFCW51224004F;SFCW60511009B;SFCW60514012B;SFCW51206002B;SFCW60113003B;SFCW50730019B;SFCW50702002B;SFCW51104011B;SFCW60319010B;SFCW51118008B;SFCW51111002B;SFCW60107015B;SFCW60402013B;SFCW60413001D;SFCW51125007B;SFCW50819004D;SFCW60416026B;SFCW60312028B;SFCW51129001D;SFCW50807027B;SFCW51202006D;SFCW50703004B;SFCW50327008B;SFCW51225003D;SFCW60221003F;SFCW50911014B;SFCW51220005D;SFCW50609002B,97,30.9
6U04,其他,9,SFCW50625037B;SFCW60104005B;SFCW50625038B;SFCW51225005B;SFCW51015007B;SFCW60208002D;SFCW50821037B;SFCW51227001B;SFCW60416009B,97,9.3
6U04,製程,9,SFCW51202018B;SFCW51202015B;SFCW50925006B;SFCW60514014B;SFCW60514001B;SFCW50925007B;SFCW51008017B;SFCW50917015B;SFCW51001014B,97,9.3
6U04,設計,1,SFCW50702015B,97,1.0
6U05,作業,15,SFCW50625003B;SFCW60312023B;SFCW60416017B;SFCW50826004B;SFCW51211013B;SFCW51216012B;SFCW51119007B;SFCW50404015B;SFCW51218011B;SFCW60409008B;SFCW60408011B;SFCW50513009B;SFCW50820003B;SFCW51022021B;SFCW50708020B,37,40.5
6U05,材料,13,SFCW50704005B;SFCW51106009B;SFCW50821036B;SFCW51201002E;SFCW50814017B;SFCW50625032B;SFCW50721006B;SFCW60416014B;SFCW51216014B;SFCW51211011B;SFCW50722020B;SFCW50618031B;SFCW50821035B,37,35.1
6U05,其他,9,SFCW51111016B;SFCW50708021B;SFCW50625034B;SFCW50715010B;SFCW50705005B;SFCW51008015B;SFCW50827009B;SFCW50619012B;SFCW51201013B,37,24.3
6U06,材料,61,SFCW60224006F;SFCW60224002F;SFCQ51112001C;SFCW60224009F;SFCW60129004D;SFCQ50909004C;SFCW51113006F;SFCW51202008D;SFCW51113003F;SFCQ60321001D;SFCQ51114004C;SFCQ51107008C;SFCW51218017F;SFCW51030003B;SFCW51220010F;SFCQ51126001E;SFCW51122003D;SFCQ51106001C;SFCQ51027005C;SFCW51007001C;SFCW60428003D;SFCW51224003F;SFCW51114003F;SFCW60420001F;SFCQ51027004C;SFCW51202005D;SFCQ51014011C;SFCQ51101001C;SFCW51113009F;SFCQ51013007C;SFCW51113007F;SFCQ51020001D;SFCQ50917005C;SFCW60224003F;SFCQ50913004C;SFCQ51013008C;SFCQ51013005C;SFCW60312001F;SFCQ51020004C;SFCW51114016F;SFCW60106006F;SFCW51218013F;SFCW60221001F;SFCW60224004F;SFCW60126002D;SFCW51223003F;SFCQ51126001C;SFCW50619009B;SFCQ50917006C;SFCQ51010009C;SFCQ51010010C;SFCQ51011001E;SFCW60418002F;SFCW51113005F;SFCQ51106005C;SFCW51225002F;SFCQ50910002E;SFCW51114017F;SFCQ51020002E;SFCQ51028003C;SFCW51113010F,64,95.3
6U06,其他,2,SFCW50714004B;SFCW50705004B,64,3.1
6U06,作業,1,SFCW50806009B,64,1.6
6U07,材料,8,SFCW50731016B;SFCW60423002B;SFCW60513002D;SFCW51113005B;SFCW50625002B;SFCW50704002B;SFCQ51124001E;SFCQ51125001E,16,50.0
6U07,作業,5,SFCW60416021B;SFCW60423011B;SFCW50926006B;SFCW50714013B;SFCW51211002B,16,31.2
6U07,其他,2,SFCW50724003B;SFCW50728002B,16,12.5
6U07,製程,1,SFCW50714006B,16,6.2
6U08,作業,2,SFCQ50911001E;SFCW51111003D,4,50.0
6U08,其他,1,SFCW50730016B,4,25.0
6U08,材料,1,SFCW50908002B,4,25.0
6U09,作業,4,SFCW60521002B;SFCW51110005B;SFCW51009005B;SFCW51113003D,7,57.1
6U09,材料,3,SFCW50729016B;SFCW51126008B;SFCW51009004B,7,42.9
6U10,作業,2,SFCW51120026B;SFCW50529010B,3,66.7
6U10,材料,1,SFCW60326015B,3,33.3
6U11,作業,2,SFCW60416024B;SFCW50522011B,4,50.0
6U11,材料,2,SFCW50821032B;SFCW50612011B,4,50.0
6U12,材料,6,SFCW60410003B;SFCW50908018B;SFCW51117001D;SFCW60129003D;SFCW50514004B;SFCW60322002D,8,75.0
6U12,作業,1,SFCW51022022B,8,12.5
6U12,其他,1,SFCW50604037B,8,12.5
6U13,其他,3,SFCW60402014B;SFCW51113017B;SFCW50721011B,7,42.9
6U13,作業,2,SFCW51201012B;SFCW51017012B,7,28.6
6U13,材料,2,SFCW50623033B;SFCW50604034B,7,28.6
6U14,材料,2,SFCW51209012B;SFCW50622003B,2,100.0
6U15,其他,25,SFCW51126006B;SFCW50918010B;SFCW51111011B;SFCW60205007B;SFCW51002021B;SFCW60129025B;SFCW51218002B;SFCW51216021B;SFCW50418003B;SFCW60224001F;SFCW51206004B;SFCW50703005B;SFCW50721013B;SFCW60205012B;SFCW60409016B;SFCW51002005B;SFCW51015009B;SFCW50903001B;SFCW50826011B;SFCW60514006B;SFCW50923009B;SFCW60104002B;SFCW60511005B;SFCW50923002B;SFCW50730018B,52,48.1
6U15,作業,13,SFCW60221010F;SFCW60203001D;SFCW51124010B;SFCW50807001B;SFCW51227001D;SFCW60415003B;SFCW51210033B;SFCW51009001D;SFCW50819004B;SFCW50913004F;SFCW60221009F;SFCW60225002D;SFCW50715009B,52,25.0
6U15,材料,7,SFCW51124018B;SFCW51113019F;SFCW50905003B;SFCW50911007B;SFCW50625031B;SFCW50708009B;SFCW51218005F,52,13.5
6U15,製程,7,SFCW51015016B;SFCW51001011B;SFCW60423014B;SFCW60223005D;SFCW60416001D;SFCW60107006B;SFCW51008022B,52,13.5
6U16,作業,2,SFCW50708011B;SFCW51225019B,3,66.7
6U16,其他,1,SFCW50623030B,3,33.3
6U17,作業,10,SFCW51210022B;SFCW60311010B;SFCW60122004D;SFCW51210021B;SFCW50910003B;SFCW60205001D;SFCW51210018B;SFCW50604033B;SFCW51202013B;SFCW50724015B,17,58.8
6U17,材料,7,SFCW51225026B;SFCW50807012B;SFCW51211003B;SFCW60114002B;SFCW51104019B;SFCW50814021B;SFCW50514012B,17,41.2
6U18,作業,1,SFCW60408005B,3,33.3
6U18,材料,1,SFCW50911009B,3,33.3
6U18,製程,1,SFCW50911012B,3,33.3
6U19,作業,3,SFCW51104018B;SFCW51215004B;SFCW51213002D,4,75.0
6U19,製程,1,SFCW50927001D,4,25.0
6U20,材料,2,SFCW50731031B;SFCW51013004B,3,66.7
6U20,作業,1,SFCW50904015B,3,33.3
6U21,材料,1,SFCW51106022B,1,100.0
6U22,作業,6,SFCW50401007B;SFCW51125003B;SFCW51015010B;SFCW50917003B;SFCW60515003D;SFCW60409009B,10,60.0
6U22,其他,3,SFCW60207003D;SFCW50619004B;SFCW60204006D,10,30.0
6U22,製程,1,SFCW50814018B,10,10.0
6U23,材料,2,SFCW51030026B;SFCW50911004B,3,66.7
6U23,製程,1,SFCW51224006B,3,33.3
6U24,作業,3,SFCW51030023B;SFCW50619028B;SFCW60423016B,3,100.0
6U25,材料,1,SFCW50911003B,1,100.0
6U26,材料,5,SFCW51015018B;SFCW51216005B;SFCW51023021B;SFCW51215002B;SFCW51008021B,6,83.3
6U26,作業,1,SFCW60312033B,6,16.7
6U28,作業,5,SFCW50522005B;SFCW50926012B;SFCW50925003B;SFCW51106008B;SFCW50704003B,9,55.6
6U28,其他,2,SFCW50918008B;SFCW51210036B,9,22.2
6U28,材料,2,SFCW50922006B;SFCW51030021B,9,22.2
6U29,作業,2,SFCW60121011B;SFCW51120014B,3,66.7
6U29,材料,1,SFCW51202019B,3,33.3
6U30,作業,7,SFCW51120004B;SFCW51202005B;SFCW60401005B;SFCW50917010B;SFCQ51122002B;SFCW51017003D;SFCW60318001D,14,50.0
6U30,其他,4,SFCW60212003B;SFCW60319043B;SFCW50605010B;SFCW51114002B,14,28.6
6U30,製程,2,SFCW51106052B;SFCW51127005B,14,14.3
6U30,材料,1,SFCW60415001B,14,7.1
6U31,其他,1,SFCW51017003B,2,50.0
6U31,材料,1,SFCW51210005B,2,50.0
6U32,作業,10,SFCW50709015B;SFCW51002016B;SFCQ51014001C;SFCW51224009B;SFCW60416005B;SFCW50709018B;SFCQ51022001C;SFCW51118005B;SFCQ51029002C;SFCW51105005B,19,52.6
6U32,材料,5,SFCW60325001B;SFCW507240-1B;SFCW51201010E;SFCW50729012B;SFCW60327001B,19,26.3
6U32,其他,2,SFCW50717003B;SFCW50923008B,19,10.5
6U32,設計,2,SFCW50822004B;SFCW60423017B,19,10.5
6U33,作業,12,SFCW60325008B;SFCW50422010B;SFCW60128004D;SFCW50714014B;SFCW60210001D;SFCW60403004B;SFCW60319008B;SFCW60205009B;SFCW60422006B;SFCW60428006B;SFCW51208003B;SFCW60129005B,18,66.7
6U33,材料,3,SFCW60305002D;SFCW51030001B;SFCW60416012B,18,16.7
6U33,其他,2,SFCW51023007B;SFCW51017006B,18,11.1
6U33,製程,1,SFCW50917016B,18,5.6
6U34,製程,1,SFCW51023020B,1,100.0
6U35,作業,6,SFCW60107018B;SFCW51023002B;SFCW60416008B;SFCW51015022B;SFCW60422007B;SFCW51204012B,13,46.2
6U35,材料,6,SFCW51216002B;SFCW60224005F;SFCQ50920005C;SFCW60319020B;SFCW60415004B;SFCW50715001B,13,46.2
6U35,製程,1,SFCW51120033B,13,7.7
6U36,材料,2,SFCW50807005B;SFCW50724014B,2,100.0
6U37,作業,2,SFCW51105014B;SFCW51105015B,2,100.0
6U38,作業,5,SFCW51015024B;SFCW50923003B;SFCW51112002B;SFCW50626022B;SFCW60416003B,8,62.5
6U38,製程,2,SFCW41024001B;SFCW60319003D,8,25.0
6U38,材料,1,SFCW50930005B,8,12.5
6U39,材料,2,SFCW50813004D;SFCW60120002D,2,100.0
6U40,材料,3,SFCW60221002F;SFCW51118003B;SFCW60415002B,3,100.0
6U41,材料,2,SFCW50515009B;SFCW51220011F,5,40.0
6U41,作業,1,SFCW60316003B,5,20.0
6U41,其他,1,SFCW60416035B,5,20.0
6U41,製程,1,SFCW60423013B,5,20.0
6U42,材料,1,SFCW60419004F,1,100.0
6U43,作業,1,SFCW51124011B,2,50.0
6U43,材料,1,SFCW51104012B,2,50.0
6U48,材料,7,SFCW51106047B;SFCW51114007B;SFCW51120022B;SFCW51008016B;SFCW51106025B;SFCW60224013F;SFCW51106046B,8,87.5
6U48,作業,1,SFCW51008023B,8,12.5
6U49,其他,1,SFCW51105016B,1,100.0
6U50,作業,3,SFCW50612012B;SFCW50522024B;SFCW50925008B,3,100.0
6U51,作業,9,SFCW51017004B;SFCW51022010B;SFCW51015025B;SFCW50911010B;SFCW51206003B;SFCW51002019B;SFCW60322004D;SFCW51110004B;SFCW51028003B,22,40.9
6U51,其他,7,SFCW51028006B;SFCW50414022B;SFCW51009001B;SFCW51114003B;SFCW51015020B;SFCQ51025002B;SFCW51022006B,22,31.8
6U51,材料,4,SFCW51106030B;SFCW51017002D;SFCW51201006E;SFCW51124017B,22,18.2
6U51,製程,1,SFCW50925011B,22,4.5
6U51,設計,1,SFCW51015002B,22,4.5
6U52,材料,1,SFCW50904029B,1,100.0
6U53,材料,5,SFCW60305022B;SFCW60408002B;SFCW51125010B;SFCW51210017B;SFCW50623034B,6,83.3
6U53,作業,1,SFCW50912008B,6,16.7
6U54,材料,4,SFCW50904031B;SFCW51106027B;SFCW50827004B;SFCW51106026B,6,66.7
6U54,作業,1,SFCW60326004D,6,16.7
6U54,其他,1,SFCW51030019B,6,16.7
6U55,材料,31,SFCW50807007B;SFCW50619003B;SFCW51202001B;SFCW51101013B;SFCQ51014001E;SFCW50731029B;SFCQ50910001E;SFCQ51018001E;SFCW50724020B;SFCW60129003B;SFCW50704011B;SFCW50619029B;SFCW51106028B;SFCW50708008B;SFCW50604036B;SFCW50715003B;SFCW51120023B;SFCQ51020001E;SFCW50731032B;SFCQ50909001E;SFCW50619005B;SFCW50724016B;SFCW50514007B;SFCW51201020B;SFCW50612022B;SFCW50724017B;SFCW50814022B;SFCW50715020B;SFCW51030002B;SFCW60409001B;SFCW51023003B,39,79.5
6U55,作業,7,SFCW50529004B;SFCW50424015B;SFCW51106036B;SFCW50603008B;SFCW50730023B;SFCW50807010B;SFCW60312030B,39,17.9
6U55,其他,1,SFCW60416015B,39,2.6
6U57,作業,1,SFCW60416030B,1,100.0
6U58,作業,1,SFCW60423006D,3,33.3
6U58,材料,1,SFCQ51122001E,3,33.3
6U58,製程,1,SFCQ60423001D,3,33.3
6U65,材料,2,SFCQ60123001B;SFCW50729014B,4,50.0
6U65,其他,1,SFCQ50930001B,4,25.0
6U65,製程,1,SFCW50731036B,4,25.0
6U69,作業,1,SFCW60418005D,1,100.0
6U70,作業,2,SFCW60428003B;SFCW60428005B,4,50.0
6U70,材料,2,SFCW51002013B;SFCQ51107001B,4,50.0
6U91,作業,64,SFCW50522012B;SFCW50731018B;SFCW51113013B;SFCW60312031B;SFCW60114005B;SFCW60326028B;SFCW51225017B;SFCW50424002B;SFCQ51026001C;SFCW51113027B;SFCW51210028B;SFCW60420003F;SFCW60212010B;SFCW60410001B;SFCW60401006B;SFCW50913005F;SFCW51224008B;SFCW60319016B;SFCW50612033B;SFCW51002010B;SFCW51112005B;SFCW51028007B;SFCW51119001B;SFCW50814028B;SFCW50917011B;SFCW50911027B;SFCW51112012B;SFCW60312024B;SFCW60326016B;SFCW60122010B;SFCW60416031B;SFCW60401003B;SFCW51017008B;SFCW51008012B;SFCW50724008B;SFCW60325006B;SFCQ51009004C;SFCW50605012B;SFCW50821041B;SFCW51002012B;SFCW50807023B;SFCW51022008B;SFCW51101009B;SFCW51219003B;SFCW60319035B;SFCW60420002F;SFCW51113025B;SFCW51227004F;SFCW51128004B;SFCW60325003B;SFCW50625008B;SFCW51106040B;SFCW60312022B;SFCW50912002B;SFCW50416024B;SFCW51108008B;SFCW51119027B;SFCW51008013B;SFCW51022001D;SFCW60319044B;SFCW50814026B;SFCW60416016B;SFCW50708018B;SFCQ50916001D,83,77.1
6U91,材料,9,SFCW51120032B;SFCW60415008B;SFCW60326020B;SFCW60312026B;SFCW60319023B;SFCW50912005B;SFCW51113024B;SFCW50814020B;SFCW51008019B,83,10.8
6U91,其他,6,SFCW60511008B;SFCW60408008B;SFCW60224007F;SFCW51030001D;SFCW50715015B;SFCW60514003B,83,7.2
6U91,製程,4,SFCW51023019B;SFCW60212013B;SFCW51217016B;SFCW60129015B,83,4.8
6U92,作業,14,SFCW51008004B;SFCW51106004B;SFCW51204002B;SFCW60319026B;SFCW50625015B;SFCW51125005B;SFCW51204001B;SFCW60312027B;SFCW50926005B;SFCW60326031B;SFCW60326005B;SFCW51119009B;SFCW51119002B;SFCW51211009B,26,53.8
6U92,其他,7,SFCW60326008B;SFCW60408009B;SFCW60310005B;SFCW50611033B;SFCW50806001B;SFCW51124002B;SFCW50625020B,26,26.9
6U92,材料,4,SFCW50807018B;SFCW60326030B;SFCW50912006B;SFCW51106001D,26,15.4
6U92,製程,1,SFCW60513001G,26,3.8
6U93,作業,32,SFCW51219002B;SFCW50625016B;SFCW60403005B;SFCW50728003B;SFCW50821033B;SFCQ51113002C;SFCW51204010B;SFCQ51011001C;SFCW50515008B;SFCW60319031B;SFCW60325009B;SFCW50915004B;SFCQ50912001C;SFCW60422009B;SFCQ51113003C;SFCW60408010B;SFCW50619008B;SFCW50807021B;SFCW51209002B;SFCW50910004B;SFCW60319042B;SFCW60312029B;SFCW60416002B;SFCQ51113001C;SFCW60115006B;SFCW60428010B;SFCW50916001D;SFCW60319013B;SFCW51111001B;SFCW51015015B;SFCW60514007B,39,82.1
6U93,材料,3,SFCW51225008B;SFCW60207004D;SFCW50820008B,39,7.7
6U93,製程,3,SFCQ50913005C;SFCW51225007B;SFCW60210008D,39,7.7
6U93,其他,1,SFCW60319030B,39,2.6
6U94,作業,7,SFCW51023023B;SFCW60423008B;SFCW60312003B;SFCW50605011B;SFCW50612014B;SFCW50626027B;SFCQ50927004C,10,70.0
6U94,材料,2,SFCW51201014B;SFCW51201007E,10,20.0
6U94,其他,1,SFCW60129020B,10,10.0
6U95,作業,4,SFCW50904038B;SFCW60326017B;SFCW50923006B;SFCW60319029B,7,57.1
6U95,材料,2,SFCW60416013B;SFCW60408012B,7,28.6
6U95,製程,1,SFCW50807011B,7,14.3
6U96,作業,10,SFCW50820010B;SFCQ51021001C;SFCQ51022005C;SFCW51106018B;SFCW50926009B;SFCW51030007B;SFCW51105018B;SFCW50507022B;SFCW60402016B;SFCW51106033B,17,58.8
6U96,其他,7,SFCW60326019B;SFCW50721007B;SFCW51017002B;SFCW51218012F;SFCW51008018B;SFCW50428012B;SFCW51225022B,17,41.2
6U97,作業,21,SFCW51225009B;SFCW60304005B;SFCW60319049B;SFCW60123003D;SFCW51120007B;SFCQ50917007C;SFCW60326034B;SFCW50508022B;SFCW60306001B;SFCW60114010B;SFCW60104004B;SFCW60416027B;SFCW51124014B;SFCW60116003D;SFCW60311012B;SFCW51225021B;SFCW50615006B;SFCW60311006B;SFCW50514008B;SFCW51030006B;SFCQ51112001C,27,77.8
6U97,製程,3,SFCQ60319001D;SFCW60310004B;SFCW50507014B,27,11.1
6U97,其他,2,SFCW60312005B;SFCW50729017B,27,7.4
6U97,材料,1,SFCQ60321002D,27,3.7
6U98,作業,7,SFCW51001007B;SFCW50618034B;SFCW50708016B;SFCW51104016B;SFCW51124015B;SFCW60114004B;SFCW50806008B,9,77.8
6U98,其他,1,SFCW50709017B,9,11.1
6U98,材料,1,SFCW60122014B,9,11.1
6U99,作業,11,SFCW60326029B;SFCW60318014B;SFCQ50911001C;SFCW51114013B;SFCW60312036B;SFCW51120012B;SFCW50915003B;SFCW60416023B;SFCW50915007B;SFCW50619030B;SFCW50813032B,18,61.1
6U99,其他,3,SFCW51002007B;SFCW50619002B;SFCW50807000B,18,16.7
6U99,材料,3,SFCW51223001B;SFCW50612015B;SFCW60205013B,18,16.7
6U99,製程,1,SFCW51204014B,18,5.6
6W01,作業,1,SFCW50922007B,2,50.0
6W01,材料,1,SFCW51106048B,2,50.0
6X05,材料,1,SFCW60407003G,1,100.0
6X23,材料,1,SFCW60519001G,1,100.0
7A12,作業,3,SFCQ51010001C;SFCQ51029003C;SFCQ51028002C,5,60.0
7A12,製程,2,SFCQ50929001C;SFCQ50910001C,5,40.0
7A15,作業,1,SFCW51202007D,2,50.0
7A15,其他,1,SFCW60116002D,2,50.0
7A25,作業,1,SFCW51202003D,1,100.0
7A42,製程,1,SFCQ50922001C,1,100.0
7B25,作業,1,SFCQ51015001C,1,100.0
7E12,作業,2,SFCQ51011001C;SFCQ51017001C,3,66.7
7E12,製程,1,SFCQ50916001C,3,33.3
7E22,作業,19,SFCQ51018002C;SFCQ51014003C;SFCQ51023001C;SFCQ51020001C;SFCQ51010004C;SFCQ51010003C;SFCQ51021002C;SFCQ51011004C;SFCQ51021001C;SFCQ51024003C;SFCQ51023004C;SFCQ51025001C;SFCQ51010002C;SFCQ51011003C;SFCQ51021003C;SFCQ51024002C;SFCQ51022001C;SFCQ51024001C;SFCQ51023003C,25,76.0
7E22,製程,6,SFCQ50929003C;SFCQ50909001C;SFCQ50922002C;SFCQ50929004C;SFCQ50930002C;SFCQ50910001C,25,24.0
7E32,作業,1,SFCQ51101001C,1,100.0
7F00,製程,8,SFCQ51215001D;SFCQ51129001D;SFCQ51129002D;SFCQ51122001D;SFCQ51226001D;SFCQ51217001D;SFCQ51225001D;SFCQ51227001D,8,100.0
AO02,製程,1,SFCW60327001E,1,100.0
AO04,製程,1,SFCQ50915001G,1,100.0
AO10,其他,1,SFCW60427002D,1,100.0
AO25,製程,1,SFCW51017001D,1,100.0
AO31,作業,2,SFCW60401003D;SFCW60415002D,2,100.0
CNBA01,其他,1,SFCW60210005B,1,100.0
CNLV01,作業,1,SFCW60220002B,1,100.0
KBUS01,作業,1,SFCW51202002G,2,50.0
KBUS01,製程,1,SFCW51202001G,2,50.0
OTME01,作業,1,SFCW60130002B,1,100.0
OTOTAF,其他,1,SFCW60330001G,2,50.0
OTOTAF,材料,1,SFCW60425001B,2,50.0
S004,作業,2,SFCW60123002D;SFCW60123001D,5,40.0
S004,製程,2,SFCW60120001D;SFCW51218003D,5,40.0
S004,設計,1,SFCW51113006D,5,20.0
S005,作業,8,SFCW60302003D;SFCW60415001D;SFCQ50912001D;SFCW51029003D;SFCW60110001D;SFCW51217002D;SFCW50911003D;SFCW60418001D,13,61.5
S005,其他,3,SFCW51217003D;SFCW50918001D;SFCW51224003D,13,23.1
S005,材料,1,SFCW50916004D,13,7.7
S005,製程,1,SFCW51126003D,13,7.7
S011,製程,3,SFCQ51022004C;SFCQ50915001C;SFCQ51016005C,3,100.0
S012,材料,2,SFCQ51010007C;SFCQ51010005C,2,100.0
S013,作業,9,SFCW51111006F;SFCW51026003B;SFCW51030011B;SFCW51026009B;SFCW51011001B;SFCW51025014B;SFCW60110003F;SFCW51219002F;SFCW51112004F,15,60.0
S013,材料,3,SFCW60131006B;SFCW51218010F;SFCW51214001B,15,20.0
S013,製程,2,SFCW51221005B;SFCW60110006B,15,13.3
S013,設計,1,SFCW50928004B,15,6.7
S050,作業,1,SFCQ60204001C,1,100.0
S053,材料,1,SFCW60125006D,1,100.0
S3F01,材料,1,SFCW51213005B,1,100.0
SCDP01,其他,1,SFCW60127005B,1,100.0
SCKB23,其他,1,SFCW51030002D,1,100.0
SCKB29,作業,1,SFCW51111001D,1,100.0
SCMB02,其他,1,SFCW60213003B,1,100.0
SVR8A03,作業,1,SFCW51024004D,1,100.0
SVR8A44,作業,1,SFCW51016003D,1,100.0
SW02,其他,2,SFCW60107002D;SFCW51217001D,2,100.0
SW05,作業,3,SFCW60520004D;SFCW60520001D;SFCW60207006D,6,50.0
SW05,製程,2,SFCW60122002D;SFCW60321003D,6,33.3
SW05,材料,1,SFCW51120002D,6,16.7
SW11,材料,1,SFCQ60127001C,2,50.0
SW11,製程,1,SFCQ50913001C,2,50.0
SW12,作業,3,SFCW60518010D;SFCW51031001D;SFCW60418002D,3,100.0
SW14,製程,2,SFCQ51029010C;SFCQ60203001C,2,100.0
SW17,其他,2,SFCW51222003C;SFCQ60116001C,2,100.0
SW20,作業,3,SFCW60115005F;SFCW51203003D;SFCW60118005F,3,100.0
SW21,作業,2,SFCQ60113001C;SFCQ60211001C,3,66.7
SW21,材料,1,SFCQ60309001C,3,33.3
TECF,材料,1,SFCQ51126002E,1,100.0
